date,Basic Materials,Communication Services,Consumer Cyclical,Consumer Defensive,Energy,Financial Services,Healthcare,Industrials,Real Estate,Technology,Utilities
2024-09-27,-0.08668376892889684,-0.07584430909537421,-0.6589490131959863,-0.6866666787947451,0.15748400348682967,-0.6810647815811088,-0.49067174756036724,-0.45010389721376054,-0.33444251689156435,-1.1063757140292951,0.1745374032962932
2024-09-30,-0.4608609312186207,0.8654910022532158,-0.2082626960523637,-0.45705639290407607,0.18025588842200957,0.4233575144864554,0.7849190462130284,0.5691755746991323,0.7342150490231791,0.713942934993006,0.7365237453080598
2024-10-01,-0.3520689513905384,-0.36051112076815883,-1.0961141352124337,-0.7754445892376727,0.8722072674388626,-0.2529319519221085,-0.7151459543978556,-0.2840029748367612,-0.9304995247957693,-2.1594923135075716,1.6313964750889642
2024-10-02,0.3355391220025039,-0.13321379605715222,0.1540393948322505,0.20370339312436592,-1.0929957903669796,0.2479541210687275,0.2702544316139921,0.3677927873967146,1.205758674536228,0.21140622260649167,0.22574076131711696
2024-10-03,-0.4660924655852994,1.5033598329967868,0.02385479802209378,0.04187195458182913,1.9347462464346377,0.8996789100535141,-1.1009567813121457,0.3542033410140366,-0.7099156507832882,0.4403074115160388,1.0282208769509804
2024-10-04,-0.4398120645248804,1.2056374531123515,0.48124538629212843,0.6377664222384727,-0.28479028699942566,1.5757992140766452,-0.16066734910037406,-0.5272818431348525,-0.5358721572902181,-0.3888000748539233,1.8041825598834826
2024-10-07,-0.20212126910285066,-2.179213468117769,-0.7116045771408452,-0.8966727665061014,0.8193022365056812,-0.7825498912604534,-1.1506015858232743,0.06275849324437477,-1.027305678846513,-0.6543710612489928,-1.9246272983555746
2024-10-08,0.8398662005182578,0.7941271345177192,1.1233671650158872,1.5024408296438363,-0.8217259176782066,0.1986492606864454,0.6508118731216594,0.5556411454469057,-0.20393118082632222,1.0388868231444803,0.15302545263098377
2024-10-09,0.5171119484189024,-0.32909500740830877,1.0940799134388612,1.727040209158659,0.6668320314711318,1.3073078252672454,0.9574098215129334,1.0804328927259244,0.5128274659421006,1.0037404471425537,-3.3388518607014306
2024-10-10,-0.4607970184786092,-0.05604500371683141,-0.3289631967838269,-1.4384284604562536,-1.7611806702146793,0.1137306525425208,0.06292134669441118,-0.18155591922425218,-0.526463610334682,0.8082899562064316,0.07009458121438605
2024-10-11,0.46600473867370873,0.4252852332198298,0.4622320242945621,-0.4055824229535765,1.4020794123812186,0.8863248506088661,0.9337596158714989,1.2036762116343303,0.23120630616952909,0.26604092625046594,2.8076267039774505
2024-10-14,0.6677850059667145,-0.3766597301175567,-0.35543698107677324,-0.145198735956531,-1.0575364160144374,0.5317572834143691,0.06102274265398222,0.6907470114376979,0.08697321271884384,0.7899351880270133,1.2362623147533558
2024-10-15,1.264471713256543,-0.5318929786607973,-0.11468201988756865,0.26704618635415844,-1.9006793517348908,-0.3572445262284285,-0.44658353112404514,-0.46748446607872696,0.7373389756287985,-2.687330953989109,-0.7314463119420411
2024-10-16,1.0947412504780596,-0.3258527905601438,0.5069964459274656,-0.23528660675615765,1.1288523219127322,0.22828549557936118,-0.0794738214719537,0.665557589375454,0.034046096487316824,-0.2959823867125344,3.237437249046904
2024-10-17,-0.21133765558721818,-1.3266147293678365,-0.0737008234890757,-0.6025527630900473,0.17901330462015697,0.09311689708031423,-0.6846601052915124,-0.31916530216618,0.6180964921128629,-1.1030183354164391,-3.480531441551704
2024-10-18,0.6175024031704668,0.17249086718906792,0.11239678734686898,0.4934852517327837,-0.654158439625796,0.5681830367260998,0.6947869690905328,0.00863021117902818,0.5715212168612815,-0.026555305026865206,0.6925201010546944
2024-10-21,-0.41395025185990697,0.15832727471409846,0.7668378596885628,-0.266786581545031,-1.253226904003124,-1.6035016093778887,-0.8620124446108379,-0.17522322808557478,-0.7745250232397471,0.8728669389730159,-0.11604576764209229
2024-10-22,0.03915686470159496,1.0644929797623437,0.5706236333764547,0.24762757019398673,-0.24530379522351708,0.8000173626937945,0.47809647817906864,0.14351281170033037,0.01088313020876086,0.9792251609834102,-0.9564185582713325
2024-10-23,-0.4042013918305831,-2.0742894266386203,-1.2533053352589474,0.3028031381790752,-1.0967027781809358,0.139838201579634,-0.7175156790577564,-0.48840561511450664,1.3968753985524662,-1.3766827644793977,0.5853633081967402
2024-10-24,-0.7481173251835949,0.28097817156713667,1.4711653110884182,-0.7960232970257386,-0.19294818413555515,-1.0646214038910862,-0.5778722451856622,-0.5620139472652164,0.5428631105589998,-0.17493226505997939,-1.0541911061955456
2024-10-25,-0.36315525509401647,-0.012244465352684308,0.32867765654776004,-0.5322926018594298,0.6288210894189961,-0.5569765288007789,-0.33901380657832547,-0.531330868872737,-0.44881999593356925,0.217598996030266,-1.713123871747424
2024-10-28,0.11460805196710222,-0.8577065856347321,-0.7790323377598551,-0.6781411409434335,0.8211523753209882,1.2859715288005669,-0.3238519826085806,-0.0967223958854957,-1.2175100900919,-0.6698360662673708,0.08145544052635678
2024-10-29,0.015104518309971837,1.6725809887117027,0.5868140691034585,-0.40842351120649045,-1.4516456806777822,0.4984583648844909,-0.7565787591883616,0.5136225188868249,-0.6787332752796194,1.1472159375873514,-0.6450374944718451
2024-10-30,-0.031323292331641994,-1.7786061445095758,0.42493285769982236,-0.7009598814172402,1.1822177602650585,0.9339669092210512,-1.2335947051124037,0.4561185707934845,-0.2620922807744286,-1.3849886067826378,-1.266125494414605
2024-10-31,0.1629772299152732,-1.9083626677749765,-1.3172192705948604,-0.44451539067007495,-1.1449825788296342,-1.5878779818464084,-1.9120805917014028,-0.8785698082933613,1.6345698263958042,-3.706879245756916,0.8127449293855449
2024-11-01,0.21541606096613375,0.19835204506679638,0.6899984894279232,0.26116504308641986,0.14209797700173166,-0.9402845710317576,1.0986779401465017,0.32892928268994925,-2.0537230369764514,0.5866482154724839,-1.7068860188153567
2024-11-04,0.1043557549906593,-0.3778160304565459,-0.038728446829516816,0.5644411505200342,1.2758482805851568,-0.6220596869856099,-0.750967602045268,0.19879054217650793,0.6747319772413274,-0.18679238487966093,-1.324412089119309
2024-11-05,-0.5092502178696057,0.7130325514551172,2.100082908609746,0.47049450405207693,1.575260302425474,1.4227044846354842,1.3296918602993546,1.0993265821782838,1.2584965741567533,1.523123443952976,1.567261404555964
2024-11-06,0.0140103753566434,1.5596088319126178,0.9395040866295945,-0.12528161135576532,2.2637123950662197,4.613335089240511,0.12262336441951872,1.4513908421484478,-0.545488069608413,2.452354836014017,-1.300874293883325
2024-11-07,-0.1610613094846114,2.0572144689295246,-0.7583462442934064,1.379341864066852,-0.15524232654715586,-1.604154603557395,1.7445100837188119,-0.08620667501207935,0.8298769747287382,2.0328097001072916,-0.33532849212368765
2024-11-08,-1.0231986146637007,-0.5253654945963859,1.3060856335935345,2.9188819660460164,0.13337369083035178,0.6841369556003007,-1.9639285293057493,1.572954289060946,0.4096949165312447,-0.3747110416889158,-0.5698558036395185
2024-11-11,-0.6382967960748331,0.22587545960832678,1.4018927549632743,-0.9945412841322332,-0.2382605343767108,0.05034891084227944,-1.1773937332135302,0.62987732061901,-0.6667342453214764,-0.8371921494098359,-0.9544473666510234
2024-11-12,-0.6080818821465384,0.1686736154573154,-0.7426576158080844,-0.2870401697639857,-1.3568380364995414,-0.9555617654419701,-2.6149432942915882,-0.8879744790505129,-0.9723045747135339,0.5965608330923444,-1.9501774865695265
2024-11-13,0.3629419242816345,-0.2523672995968007,-0.01732032686967422,0.37468164964089556,-0.01015188984677673,-0.8804657207463928,1.8452162054530363,-0.1390955355905943,-0.17475771880380853,-0.4210899741128086,-1.281646116958568
2024-11-14,-0.5312878099214435,-0.3749496872730962,-1.298694786616117,-0.2883229950898403,1.3011746877783281,-1.0936896144318808,1.3703992201460093,-1.1635791427021425,-0.5780608887850147,0.11130912183351421,-0.7086073681926375
2024-11-15,-0.45394628723264274,-1.9535299882322166,0.024232260838497055,-1.392404380292478,-2.327544982329366,0.48428352716580747,-3.9734407129153326,-1.3372850355196642,0.5322806656074208,-2.5319972360369336,0.5730245818601043
2024-11-18,0.5191319192222155,0.7674229944873101,0.2365967718989781,0.7656202699810377,1.894473815460107,-0.06393433422248185,-0.8147856202150756,-0.17231055186140987,1.5632080446478014,0.28803590763564363,1.3453356584031129
2024-11-19,0.11219418449301966,2.1328632242135326,1.0634667425636568,0.25381142711522475,-0.691876852128448,1.6642081071502446,1.058279187075856,0.9639128986029366,0.8933281584822428,1.2999113023486424,2.258573416297671
2024-11-20,1.3820291983797528,0.1839159008278468,0.2788668817252926,0.4462299193368269,0.8844329315636168,0.5871108228652666,-0.6406922294302108,0.2938279419457679,0.3796118787006808,-0.19241151349776833,-0.5212700444262475
2024-11-21,0.7204357137134965,-1.0208525099418608,0.888692224476606,2.044988372335821,0.0032189586310904517,1.2341360562578618,-0.13935246360296483,0.8455968406449133,0.8028723635393753,0.4507552802294497,4.105713467780303
2024-11-22,0.21112101625442303,-0.4152780122817723,0.5582614998746127,0.21462032893841965,1.3801243869459023,1.7244179759025036,0.8373676020885887,0.3986467053921139,0.6837931555517374,-0.033189321951626966,-0.5546930026470331
2024-11-25,0.26559694718326643,-0.38106389292819065,-1.3172646935420196,-1.0278250082569107,-1.3514061279894962,-0.6729710303719938,0.3758543393133351,-0.2991528934405574,2.6949545781657536,-0.14343707429357974,-1.0621316464953567
2024-11-26,0.6137216935835355,1.101755234669155,1.2716072994116479,0.7033616398867126,-1.09339633153005,0.07191162896054148,-0.7459740875439301,0.5238447075354147,0.27439743069774813,0.5201443791427621,4.265544788598241
2024-11-27,-0.042786099750602435,-0.35923861040683125,-0.6389570979456805,-0.9080661613400931,-0.06193591546652666,-0.7295275198457518,0.5470931562420368,-0.6856945255878544,-0.43772204244818536,-0.9494604171533074,-2.567985452595467
2024-11-28,-0.04278609975056913,-0.3592386119457336,-0.6389567739822577,-0.9080661840786264,-0.06193591546652666,-0.7295430816735338,,-0.6856945278619575,-0.43772204244816315,,-2.567985452595467
2024-11-29,0.8039183563242291,0.6893353312743322,0.8863687853270408,0.3924658047053331,0.9062983432583271,-0.479435565646813,-0.5908182508450572,0.4591696209253593,-0.26749586085093036,1.010663965022692,-0.4046362422266747
2024-12-02,-0.22881462973391997,1.8875491125978527,0.35625303833974886,0.30769444529792356,-0.19955432332462442,-1.8007916729657403,-0.06450229416913311,-0.9118088959059301,-0.5768104061563917,1.1603316519517355,-2.4356891109835743
2024-12-03,-0.7208494114080644,1.7868999487999915,0.11169302600788633,0.5986224204707291,-0.5474015051960213,-0.4125343716675389,-0.37793195367757937,-0.05197500405803579,0.11789646970794543,0.6344337991244258,-1.4610075659712174
2024-12-04,0.5723839757132199,0.7999334748153286,1.1334566965769843,0.8223671956316903,-2.427581087577624,0.2218301245391796,1.106051344923209,0.6997966647311005,0.1457593736376328,1.6125250666619966,0.13816402453612486
2024-12-05,-1.7416721865774365,-1.0021911985897636,0.9864204641286456,-0.3561924554696727,-0.39792874114398247,-0.41424694157149444,-0.08595763767694775,-1.065398758073377,1.2747080784550224,-0.3462679845116058,0.7222189871584739
2024-12-06,0.20915193360842022,1.919200414941824,1.5154631293924359,0.7252427970151576,-2.5749925213800484,-0.7690661641505003,0.46205876799003676,-0.4012427169459376,0.1176421381448911,0.3158004591396414,-1.0966917540518373
2024-12-09,-1.1254936946436755,-1.3753650964935527,-1.5985017065561546,-0.7605451929491247,-0.28225006628517235,-1.838619828414556,-0.04633470160579911,-2.140611836703976,-1.1358083338561586,-0.5266471394585662,-3.5365988098676415
2024-12-10,-0.10536783540114891,0.42759920827335485,0.5209320734246736,0.38084818910355533,-1.0588098843747784,-0.9352797045730332,-0.7017735230118949,0.4643623609413394,-1.0457839851365835,-1.292586414229636,-1.494820017014653
2024-12-11,-0.5766929558565836,2.294043305872795,1.5414944777207618,-0.23847664470639796,-0.1210899659050857,-0.4399641604975635,-0.2968269315847816,-0.5991761830890785,0.5757263402108359,1.6045185038317291,-0.005334673364021381
2024-12-12,-0.4201350698579742,-0.5389085389262083,-0.7910394168120227,-1.1225693717130891,-0.885300964768232,-0.749606146319981,-0.928631432083693,-0.6959292938209405,-0.13719214541660918,-0.48762988596125106,-1.2496778859191093
2024-12-13,-0.6121495609814342,-0.6871894501901399,0.5989228520751899,0.7305621493296277,0.178406359014871,0.26802323101629,-0.48929667542497723,0.12566798221926856,-0.48214079363906315,0.60452377548558,-0.7285868681447871
2024-12-16,-1.5538779311553341,-0.09073293523282899,1.0604880616416734,0.21082483862455703,-2.1371984684738,0.7310573471315474,0.1770671838409843,0.06857868112801757,-0.5020927601317227,1.0506401392740374,-0.5593365199576983
2024-12-17,0.3218197181888538,-0.9595620604638366,0.2992102404826502,-1.0535047259197627,0.4595782816309013,-0.7359414831270894,0.9631701729076125,-0.7735099420752567,0.37300329302811797,-0.3714413065498679,-0.6133324440827259
2024-12-18,-1.7486091780411273,-3.498750475473522,-4.539996722293093,-1.7181049810314208,-3.0723392112202097,-3.6427454896307165,-3.1383479937148517,-2.9446108680305727,-2.4995544690154636,-3.2400500355003516,-2.7545866659647866
2024-12-19,-0.6564574052758898,-1.8006202408426208,-1.5591477543031251,-1.8013566009706716,-3.160604359948105,0.28660911250795174,-0.18392386670360583,-0.8961847112705756,-0.384421397813961,-0.07954580960947781,-0.6507616254498805
2024-12-20,1.1618445925831056,0.7376804925907754,1.3554933974854633,0.5402881423359318,2.370919808966643,2.775264476089978,0.45908585764544707,1.4929039777240138,0.547127321546359,1.5696491583945265,1.7490533639292094
2024-12-23,-0.013004172078123766,1.0989001331464188,-0.020533627364649476,-0.446356366121492,1.200327479121066,0.06089368867241429,0.8463439482815582,-0.2468791935036796,0.6799761787529945,1.198022010018577,0.5925120043924537
2024-12-24,0.8540997506678139,0.9820275117651933,2.1973955236854747,0.9256973110292055,0.3597030387261002,1.1151021201315725,0.953252329111498,1.1111791900245027,0.8748331275813648,1.0625335193337664,0.26723044454688427
2024-12-25,0.8540997506678139,0.9820278244669245,2.1973955290116587,0.925697349734067,0.3597030387260336,1.1151406839720712,0.9532543665217386,1.1111791899455215,0.8748331275813648,,0.26723044454683986
2024-12-26,0.1299671162239724,-0.12212751192325344,-0.7329758063671865,0.005729281261723784,-0.12000317423203066,0.4448200170452221,0.9035941074935439,0.3406544920882659,0.01050434194349581,0.13385584375655601,0.047836679024926276
2024-12-27,-0.1452889332012708,-0.42907776106246853,-1.4090519854061845,-0.7009349582057123,0.028693197412010818,-0.2815213727081711,-1.1649345001131208,-0.3834627214527764,0.2010537110781474,-1.5283866138645015,-0.07567947032796063
2024-12-30,-0.35957066948028027,0.4899407563341063,0.01629496661039731,-0.8400435248364202,0.707434838979526,-0.236221971295969,-1.6464640960377093,-0.06669612824626858,-0.17244950122879965,-1.2986614065648288,0.5885416890211603
2024-12-31,-0.017302741326297166,-1.0259739683646019,-1.8860436630864785,-0.5988585054546469,0.552878918859534,-0.3951563241752609,1.984872760714764,-0.6740150160425618,-0.34340226721500944,-1.0217381266104908,-0.7325092780718467
2025-01-01,-0.01730274132630827,-1.0259738704802013,-1.8860436635400823,-0.5988585863913043,0.5528789188595562,-0.3951782589460162,,-0.6740150160426506,-0.34340226721499834,,-0.7325092780718134
2025-01-02,-1.5870351198323474,0.43376758525111025,-1.1330940345660068,-0.5764752854862776,1.342900392023627,-0.7723655294222809,0.2785822467239633,-1.316379503813947,0.21661683487155248,0.02990596252670394,3.9431138815353206
2025-01-03,-0.5938237032237836,-0.19099256955533717,1.8746146825702414,0.23709159455032047,0.6380948550684717,0.9949066436567344,-1.5410526638714335,0.7055820858133499,0.8583007497641848,1.782869640267911,0.3645438422133829
2025-01-06,-0.5310960338848592,1.757534113375181,-1.0238017101385943,0.2263129559802346,-0.7177669603350978,-0.9467875057916797,-0.2593358002825047,-1.1098545190480924,-1.0800587811125695,1.572025646074981,1.1651733242575624
2025-01-07,0.6000364271818714,-1.6426942293185864,-2.143334874446212,-0.37311433164435304,1.1212752840838114,-1.1615881903680791,-2.2025692666269916,-0.2855922222004925,-0.4658467044006187,-2.554732679119951,-1.8659967010335565
2025-01-08,0.7355773616601224,-0.10956182142201065,0.4777062608135152,0.4650003311753581,-0.39956709979390714,-0.025437021906193902,0.11566109878538806,0.9477270730020582,0.8560801349322578,0.0641688752707873,-2.316883398702707
2025-01-09,0.7157299929241301,-0.06262753299915991,0.4759804803605494,0.46369778569181896,-0.36876126890024175,0.06585020245910567,,0.9533286861778123,0.8610926232490934,,-2.3077948670053194
2025-01-10,-0.32603308304157697,-0.422631231832582,-0.4962188758856123,0.13096896967448313,-0.8926959497467801,-1.038466657963788,1.332810262202864,-0.6671561910571389,-2.024703509356629,-2.2266098110756376,5.313809819110626
2025-01-13,1.4066410651355277,0.45626719339466604,1.7558769478767333,-0.7186657150995868,0.5269499715711223,1.5467160528954027,-0.6919362970821574,1.539465910766924,0.7697564545772195,-0.886409218998395,-4.3231525052291335
2025-01-14,1.136003642789074,-1.4037243588461479,-1.4266241104050947,-0.479539652082861,0.46923952491018106,1.3106799308624018,0.6456820986537091,0.41721321265979494,-0.268124175795148,0.005506137024775452,1.7145762411356902
2025-01-15,-1.2343942926936413,1.1151010786594417,1.2364194083212876,-0.3948211872815799,-0.16116851365751694,-1.193184989705609,2.5264570633125008,-0.6601651974996736,-1.6451397812494828,2.280246430304751,0.7670879177792633
2025-01-16,0.9852441807167711,-0.5601573523535186,-0.653934079505003,-0.1805619329741992,0.7681753601262553,0.7880364475152835,1.1642163748205818,0.8260616128568099,1.3793049157357906,-1.167708019893347,3.574475167279112
2025-01-17,-0.709048758960451,-1.0173260756992097,-0.06147136334274661,1.3104803456609915,-0.33720226433655576,0.44368700163390784,0.8448037588280123,-1.0878484443176073,-1.31009541807805,1.573431276785639,-0.7132317777129082
2025-01-20,-0.7090487589604844,-1.0173261056888538,-0.05927779745140693,1.3104803555161082,-0.33720226433658906,0.4436210042389144,,-1.0878481532130557,-1.3100954181144098,,-0.7132317777129193
2025-01-21,0.6010900467071201,-0.09758495899613306,-2.0029512448188735,0.14328961731113754,-0.8800532555074958,0.21829298188984492,1.2526818271454137,0.8916307418926461,0.8384399460729997,0.3301506045146344,-0.4474458539884707
2025-01-22,-0.7023947819422394,-0.980831360271317,-0.31096696040235905,-0.682413262674697,-1.1619030692087695,-0.10449686082970588,1.5540103541001846,-0.27614524311716515,-1.203476360897926,2.0980914485881446,0.48918360204892597
2025-01-23,-0.2689827967489733,1.2841571042268018,1.509788723192318,0.0030585480088607397,-0.4895055364787293,-0.2837234648294329,-1.1350063503500687,0.012522956879790215,0.6985264533725832,-0.1458338150823748,2.7478160747612446
2025-01-24,-0.9113647619927945,1.0347320844249719,-0.6858510402610429,-0.2238304593827456,-1.6904135449543722,-1.0758172252320675,-0.20128327394806347,-0.18387442037800517,0.07153129719774665,-0.9521488147605601,0.09889921555121806
2025-01-27,0.2564508740137583,2.789036451559168,1.7084552859454316,3.5363592570816005,-1.4746895104752356,0.5166105876635463,0.1407931265413544,1.5640615857658524,-0.16889928368236662,-5.77527727963426,-2.863423390215525
2025-01-28,-0.8519363521420686,1.092537218759304,0.7732028266118185,-0.47578735738526,-1.0279366313145633,0.12366275514239522,-1.2512640074560961,0.2495767096549084,0.4449507209199455,3.3238587401671253,-1.233086383765647
2025-01-29,0.6822439224074106,0.023346765136489367,-0.4151605026814442,0.5623871052855112,0.6443502117980282,0.1883274019740755,0.3359288225719545,-0.6965970667362376,-0.25306410578109784,-0.9144614653829563,2.8061481573617764
2025-01-30,1.5750933873748263,-0.7490983128992101,-0.7584616989004256,0.8254553194255942,-0.6125496121289653,0.14195636940799172,0.04275529315192501,1.0447284681549096,0.044052087545032315,-0.370578859313269,1.7672928085448847
2025-01-31,0.26921679230067497,0.01624946474900746,-0.3308030777915971,0.3065973516547915,-1.5600542944784745,-0.7608796256308836,-0.8219356607879263,-0.21833094628394,-0.7997617175318661,-0.6142246416667493,-2.1631430704109222
2025-02-03,1.8985919675901464,1.9409041348377176,0.6899940726412535,2.834103215552508,0.7576714457971923,0.4592421348296849,1.1957975943943877,0.6110110912764588,0.6356414076376771,0.5248355778890046,5.515710567337906
2025-02-04,-0.12767560158216673,0.8244399130564961,1.4768978355088613,1.3282809735589929,1.5679868930564167,0.8847803783321506,1.5128582823711767,0.2570656940906524,1.5521181171978204,1.017642962971066,1.8802169847522254
2025-02-05,0.1351238400375543,0.6683802493941293,-0.373068569806545,2.085883920049114,-0.8093599965472209,0.33226532865784364,1.7709454385373746,0.6438457878250814,0.17920653463159297,0.9894107116952267,0.9170083267411089
2025-02-06,2.135095618061933,0.955262820032865,0.6676840174481224,-0.02470637367059103,-2.170750872969629,-0.03766430020616385,-1.0988751768312266,-0.25084564584697544,-0.2860299838559843,0.42370693359774503,-0.46459951655496434
2025-02-07,-0.4430265840003389,-0.8512358852104773,-1.2028179148173002,-0.1553522295987264,-1.193399062235967,-0.17782948124928089,-1.533276088874591,-1.3977305491925551,-0.6470932383765504,-1.7633152354898374,-1.0338431618164945
2025-02-10,1.1727272709687986,-0.1370880675939823,-0.38145012383676846,0.8852654046472841,0.23844463388085213,-1.3079526486899695,-0.43024345983018186,-0.10067814523692098,0.6793545023333847,0.41085864244452264,2.2972724138871525
2025-02-11,0.09010375472366938,0.40008607456460954,-0.45016223325879956,-0.04758979140561115,-0.5970688857387274,-0.22270474442102062,-0.17684137270136402,0.21850108723884265,1.0027353543576867,0.6830851919148673,-0.47773465874121346
2025-02-12,0.19705793332298605,1.2873322454411307,1.323381983015448,0.9357610034620212,-1.9937979659480631,-0.05133062244317976,0.8993689264511495,0.31572470452772006,0.9708859406116321,1.345074755715836,2.5124253541156882
2025-02-13,0.7713700254767808,1.2530552595119815,0.6824040559343381,0.9368932093767102,0.7503761489613181,0.4048674147890452,0.7082455287017231,0.3425485204444412,1.9410861386421452,1.2947900438555981,-1.0005130529780915
2025-02-14,-0.8489722636080943,1.1606144775405447,-0.5509918428994509,-0.5363022717937871,-0.13594575900478523,0.23667451991764565,-0.6623081120700536,0.14584255153344827,0.6943925526742722,0.490481345493321,1.4035719934180069
2025-02-17,-0.8489739548763753,1.1601269169043693,-0.5511748232782332,-0.5354142684516505,-0.1362432555318982,0.23651499515107144,-0.663376944038474,0.14588009468607943,0.6944684580075577,0.49003901618043244,1.3537722004375086
2025-02-18,2.3120197147887156,-2.2322426759547875,0.03977872306279995,-1.0160432571682754,-0.41535404003645304,0.5367425997782505,0.5639880482628756,0.7755186678743975,1.766333466520309,-0.0910890123895225,0.5515474144081489
2025-02-19,0.3050142364348307,0.23570709879616736,-0.11904707408487702,0.6685647222912205,-0.15837332443617846,0.44043473227157737,1.1145422194498655,-1.4598143151953957,0.8372796195849519,0.3437604671931105,-0.21975726097530623
2025-02-20,0.4394118517440315,-0.5521633763009182,-1.0367395122937273,-1.1415430025846884,0.5688863342072858,-1.0583364851235344,0.5833101874834545,-0.9051252716452463,0.15253257167502365,-0.2639552798437639,-1.8867774016945726
2025-02-21,-1.3343330560361188,-2.118223435723743,-3.473958160492452,0.03933236060265077,-2.9731720846048693,-1.9463557162974543,-0.7300793498698499,-1.9767390602357438,-1.2124871665316728,-2.3190541646677443,-5.405966438881816
2025-02-24,-0.12881366724323273,-2.1163079312513267,-0.9776588069729031,0.7020152092930054,-0.9412960499002754,-0.8402953007671798,0.07330882241067815,-0.5071451168943808,-0.6900843977138194,-1.4048630391062855,-4.5591666830224975
2025-02-25,1.7641447980114577,-1.2645456917643516,-1.631347410978179,1.3056227506567986,-2.1965565967282275,-0.8577468014921652,-0.6167060181814232,0.42181081378533936,-0.025695063583275335,-1.1375507790958195,0.06390075153206443
2025-02-26,-1.032398987634453,1.1644084346417172,-0.8654130094436052,-1.7631539244480576,0.039206519584333854,0.11446039710760747,-0.07227682844499483,-0.24325286005811853,0.08585168265364818,0.07340520779881565,-0.639511045486918
2025-02-27,-0.735034341526386,-3.176206137385662,-2.894508011449559,-1.0161424214913173,-2.2311856478502867,-0.1451787642495317,-1.2432776429197823,-1.5032971109179671,-0.2936546114091221,-3.9222379559419984,-6.165441782921832
2025-02-28,0.46246119470498837,1.3120886312015356,1.8310878492003413,1.5090059918597243,1.299505069262863,1.3796421501187872,0.6007642068531549,0.7417542628403551,-0.39491964887735653,1.8585929623917474,1.4184341233090425
2025-03-03,-1.5414372463508519,-2.190414635973259,-2.689185601926436,-0.2116656194349198,-5.474617013335603,-1.252997507149367,-0.8522811691085819,-0.7302101279170414,0.09577811609380316,-3.3452031519268455,-3.6002502531249925
2025-03-04,-1.6343922223536311,0.015524703569913534,0.8603286126270371,-1.023734602981885,0.9262547897712858,-2.1540082596352095,-0.61926025639093,-0.5965011946874155,-0.09653981762252073,0.9511503063348359,-0.2747914664152251
2025-03-05,1.5109230137449359,1.9568026480167422,1.110925294069376,1.3577618921872148,-0.27372503946939686,0.15476036664425763,1.7037387236557677,0.9834464313359215,1.5602015466847918,1.47558229413145,-0.6327228382143502
2025-03-06,-0.07143768419125562,-2.819721446421153,-2.1628888442501437,-0.42728950609233207,-0.7121701045589957,-0.25296790198797714,-0.797214028013371,-0.6826854232716562,-3.0290381862074334,-0.3291831428978931,-3.3947991612840234
2025-03-07,0.5545700077529414,0.24690697042522025,-0.1408845765030864,-2.5824090517391207,1.1175448459854742,0.36290066423032563,-0.27341914438359094,1.630649555529673,-0.8914033434155089,1.2157407606909532,1.3893304622837777
2025-03-10,-0.8330314400240679,-1.400793413446788,-2.7863243997930054,-2.077858158335044,-0.40062919752985593,-1.9941531316516103,0.12952478099095277,-0.7179101551677003,-2.093612777173659,-2.4321785245739025,0.3680852361653386
2025-03-11,-1.4719456091614957,1.451047569208952,0.1703149156106365,-0.0093743508816857,1.4802488272273706,-0.7302702637772329,-0.8065841803385987,-2.090914878126937,-0.039506301255831655,0.0026656773523203725,0.4203138117901739
2025-03-12,-0.47093496675818525,-0.6639253915625365,-0.6041949089477971,-1.0068617534019997,0.367208107154271,-1.0662347896026159,-0.7671787027126675,-0.2933180495967136,0.5102875215038827,-0.38132273148301365,-0.616154430989424
2025-03-13,0.7471365886273285,-3.477142562877089,-1.9919546904019647,-2.956162996515266,-0.3527403981844812,-0.689071472965086,-0.9954044688581964,-1.0562146639949255,-1.452711050693134,-1.6003329235684483,-1.2884314692426124
2025-03-14,0.24801105525467104,1.1119815706112313,1.242292337905293,1.2229160750281132,1.3356641064447672,1.4452981438691115,0.3456766966296154,0.8945872917595521,0.4257745971694815,1.8421512325653921,1.4889019213377264
2025-03-17,1.643662910949728,0.09215108903843916,0.8577232700780701,1.5462771588735214,1.7623715667945072,1.6378042061529596,1.401576920445624,1.2784795562356788,1.9868055287771247,0.7022604988262682,0.5946113588229052
2025-03-18,-0.6912558603231034,-2.1480524084817487,-1.5812979869542332,-1.4458118123028885,-0.2650013823787267,-0.09603766896725263,-0.6254979703815056,-0.19924533994610805,-1.7059530490254549,-0.8657119783410216,-1.5987010158807435
2025-03-19,0.1837025838162365,0.7765981381674614,2.036291315614447,0.21979647995078455,1.5861154872376826,1.4803039601601453,0.6377299462497321,0.9922046631684056,0.7615307751796419,0.7813571472093939,1.7597079229003665
2025-03-20,0.3379704320409349,0.47283529560115944,0.6945828488947203,-0.5681796196298716,0.8651668582000394,-0.248341784887518,-0.15142045859217745,0.3754391069504148,-0.03027115369781397,0.4877988787472809,0.7136433094727224
2025-03-21,0.990259115024239,1.9456939810208906,2.243595903859985,1.9319901614432977,0.3357577292006919,0.03142635422033191,0.9829240459140465,0.38723146292711785,-0.9451213005711168,1.7726733224200597,1.1984419123585832
2025-03-24,0.490025471938238,0.5347420067751463,1.869216774246385,0.5706567433876764,0.5983185635390464,1.4367330593300531,0.5569853669962432,0.6034269805582637,0.5037236639425124,0.10260287544776592,-0.22733873678119076
2025-03-25,-0.12402053219121578,0.6103240897274764,1.1754070525521465,0.3172242578144191,0.250323499249161,0.14693553754736577,-1.162152700875585,0.33917869709942927,-0.6642031756829092,0.478030365719162,-0.9833971720909052
2025-03-26,0.788471414743297,-2.053435684175242,-1.7183021210979366,-0.22391618665302815,-0.7700826199166899,-0.7532687327146403,-0.8451459525959493,-0.16458563086506617,-1.261188310489536,-1.7340686853118514,-1.4091743432443127
2025-03-27,0.5829632049398459,-0.010923095349368861,0.5211202659759273,0.9606515699975393,-0.9050661168085283,0.2577338901785131,0.2720381638351643,0.45203284105812536,-0.7121246907688228,-0.1767108117530669,-0.16845790338434474
2025-03-28,-1.626634630252144,-3.826607784849989,-2.6451267002364554,-0.7609989742823897,-0.5365955576015158,-1.3814864025461282,-1.3098108654488128,-1.7661967134149248,-1.7844832559279156,-2.113798361221464,-0.8347190896045742
2025-03-31,1.4631768423073899,1.792559303601693,1.4040297124572554,2.2712509111506796,1.3035598095099576,1.4449341049208808,1.136440653882631,1.037773395009367,0.8842513498453997,1.5233868356313573,1.498519501631157
2025-04-01,1.0542502368461992,1.8508946005610039,1.6032791078879338,1.1581096073111974,0.8578578823976057,-0.04855693883141221,-1.13847767125822,1.1969001244860111,0.06226234842650058,1.5278118684191488,1.6318498787107671
2025-04-02,1.5378162987163435,1.376043596439458,3.2983457466997823,1.3050485273031542,1.3991942932015888,1.5034519490211729,1.9701417001544819,1.861058675091698,2.237234693466683,1.8618146108007494,2.8980499743061827
2025-04-03,0.13735511481010043,-0.9795782500606309,-0.14244290061027343,3.3661160762887388,-3.038299070168393,-1.8840676684793167,-0.1133942936524246,-0.9048664996861966,-0.5331271771333634,-1.5098295035617215,-2.550509478508778
2025-04-04,-5.41062328012517,-2.164572604897441,-1.177735630312715,-3.9532376715031736,-6.733228785490031,-2.8487039414115567,-4.181472245648421,-4.476285062513819,-2.643372074840722,-2.4729747066381313,-5.020853344002152
2025-04-07,-0.6025174591311133,5.1336445071218595,3.3843146879653174,2.1775805728242448,2.823898920365364,2.0742158452730752,2.8774178999487976,0.3113342801303043,0.07767482231515466,3.91206742234822,3.984142394198198
2025-04-08,-4.114890572206697,-5.1498396090476355,-5.712074420106184,-2.782185153145933,-7.219416749043816,-4.178012295935107,-3.952514209887814,-3.0524644359593456,-4.128818118465105,-5.4055521817287016,-1.746649128340061
2025-04-09,7.773163072745448,12.500220960951314,11.899809801024519,6.165958454105724,11.822596065994318,7.811618197164072,9.559042928702354,8.981594689775886,7.208669550281033,12.994752248967178,8.98584001994589
2025-04-10,-1.747590587137371,-3.3210443896154906,-1.2060232546984073,0.1729667502819776,-3.7093945957049734,-1.3918484474428006,-2.5312235669540217,-0.4593020121375524,-0.9140150742570019,-0.6952347153327931,-0.5933707199406557
2025-04-11,0.46564245649629576,-2.7420884245280552,1.7317590630279822,0.2170038328511481,2.7516062756731463,0.31221874445857,0.9705849269985078,2.0803667608732868,2.1518474127145915,2.972810117280189,0.6931146649116426
2025-04-14,0.6298642024260115,-2.2249293127866276,-2.198701839903072,1.2180186527136039,-1.8689505045643373,0.2930193689538729,0.8117449695573375,0.09933503997145987,0.28414713408173586,-2.262061400347115,-1.0596004106856238
2025-04-15,0.34729286091466083,-0.49673629034168165,0.28092474112419996,-0.9555029666986514,-0.04715295879119674,-0.06801554346725913,-0.22390710212081277,-0.5586912479895734,-0.08086582589006408,0.01424661779114711,0.17143460613839867
2025-04-16,-0.5931627216498869,-1.0862195676145658,-1.0598407016518374,-0.6052530922957655,0.8541624242708767,-0.474549692384707,-1.6696313847707867,-1.0611838843122778,-0.20170301660574763,-1.2609112530662214,-0.6038886822746337
2025-04-17,0.22701183256421675,-0.49245774545206844,-0.36844351793243746,2.061232768418897,2.202051992390719,-0.005939597658077833,0.3103278660991693,-0.266894768130177,0.04141436310485247,-1.216883364882193,0.33417715989658703
2025-04-18,0.22701007468246548,-0.4924106505942438,-0.36849873844923,2.061231461225921,2.202593146049314,-0.005212272237742344,0.30963725039045986,-0.26683266209737155,0.040939380720828034,-1.2170006762575403,0.33417582697525816
2025-04-21,0.565409851163623,-8.491213140355791,-0.9603761006145684,-0.4117127625011263,-0.8743955152163307,-1.5367331546041973,-1.0384296306738539,-1.8379595235985535,-1.059027810571167,-1.016639591884616,-3.6562859384857593
2025-04-22,1.2965197293563158,2.2800364039615717,2.339993602864565,0.878031101715937,0.694627235992562,1.9025910227281395,1.2776409106239672,1.3150008546513048,0.9746788398343975,1.1898872493975032,1.7001817019703713
2025-04-23,-1.1978724265248264,-0.5708300009416356,-0.8304401415178186,-1.6916795609243307,-1.6973026675099478,-0.3811286077206155,-0.7801467446915122,-0.7683794515249809,0.15063071069085776,-0.7359209651356391,-0.885888565045545
2025-04-24,0.6516907097253721,3.152449524389933,2.500222492863946,-0.13947288536099167,0.3675851280866116,1.1693522009847523,1.5456676296329963,1.5793929804349904,0.5763414659250898,2.763126337059596,1.9714291786065763
2025-04-25,0.12362144949502607,-0.33831200800954475,1.4991256515597406,0.23050317171833257,1.9375422239236384,0.7537786846895989,0.37392857040208227,0.07232061844566484,0.8998902653437169,1.7680591476687324,0.8570129045131214
2025-04-28,-0.09094116345493841,-0.29829219937168583,-0.43303672703070006,-0.05943153770767706,0.36264046641362285,-0.44333873963208204,0.29595132435176197,0.619549385261009,0.8769187027354297,-0.029906911485699794,0.7571618138894287
2025-04-29,0.24961381953807482,1.4644440029751404,1.7646551418818657,1.3974825299290838,-0.29938196825833524,0.937171737307585,1.1285275820728247,1.1801139974498165,0.548875424383688,0.8688401724380901,1.091972475570424
2025-04-30,0.9849990753987736,1.5686079729279045,4.417346165077385,0.4552338892827912,-2.53554716161821,1.4646128013174664,0.9134426199590484,1.9172304620988179,1.5949027823825235,2.07717328273882,0.865122835639287
2025-05-01,2.2511946459190524,-1.157531414871571,0.5461595733641023,0.4409781566259596,0.9380816617156623,0.43931468065423473,-0.6794282081578173,-0.1318232823961374,-0.15378511403395523,-0.5737619332097488,1.7828851390279121
2025-05-02,0.3226635087923313,1.7044500471419477,0.04051390527841647,-0.0035737087303200354,1.8008407669706301,1.2159491720966864,-0.29507920665118315,0.4897351582548115,0.19007948351448256,0.570819936838407,0.3766188679046101
2025-05-05,-0.1950548550451181,1.9569435895398835,-0.599008662302225,0.5854970714177732,-1.0495761115207058,0.7512487017079073,0.0739780876358509,0.4415995040650156,0.40109955210319015,0.1550906080091563,1.107907616585413
2025-05-06,-1.0599885736735981,0.04026306305331406,-0.1315040899793729,0.22164465690823754,-0.2676572786231678,-0.08037005581813528,-2.3148393157935043,-0.24017585287151588,-0.3936161204471822,0.6681560781284901,3.6108564162888213
2025-05-07,0.42476140475764534,-0.28878008669802613,0.8014276458332414,-0.32083923348320553,-0.28252060358658576,0.07902444373832918,0.29767461573457776,0.5147157218013065,-0.0799682314338579,0.5452639398003445,-1.7498956596626147
2025-05-08,0.6964571369122874,-1.2106670432305067,-0.4280390570841175,-0.5891830279473043,1.8251239009718565,0.3839557958982054,-0.1261186211933163,0.9531780087712605,-1.251641899398559,0.0011347322387278425,-0.8046089911230347
2025-05-09,-0.4342625021776403,-1.2151593235357527,-0.0686395815593488,0.214617747864021,1.0075972273387281,0.367632513831051,-1.251357399735764,-0.33039545158038974,1.2470355773773312,-0.38421417855943885,-0.13367022653916205
2025-05-12,-0.41697885361978715,0.4186837287508016,-0.29115311674581257,0.5534186483849401,2.7248613369252683,-0.8096173769080672,3.2160581348880557,-0.4101180335167709,-1.013425812876867,0.5987571602131592,-0.6720753232549947
2025-05-13,-0.7913314935589222,1.544914272418807,1.349250913501976,-1.3946796819147567,2.03804656915882,1.047447150212677,-0.7364362406911074,0.3379651695839314,-0.4240747032519421,1.5844346088240036,2.3788266610116793
2025-05-14,-0.30832467086796544,0.9042187016139236,0.14572434351887154,-0.7156362043048148,-0.30978196598535224,0.015044018256693548,-1.0486881248289448,0.004408186990856322,-0.6801665960071035,0.6701604491653246,-0.7795020825379417
2025-05-15,1.783388492074267,-0.1852708495910793,0.4483444264537395,1.7743757570893637,-0.2705695933432293,0.18656689638740787,1.3140781151653957,1.2409310532518036,0.9284719114011297,0.3994813278508591,0.8213738693564343
2025-05-16,0.5199413041941048,0.09598925729070729,0.3052606630799204,1.5388381876613177,0.07233756256860085,0.9808311940701087,0.40496044904201334,0.7297410662076231,0.6108448091172836,-0.12298838613921115,1.5328855118325269
2025-05-19,0.6222279633182115,1.6038173893351937,1.7274524881079278,1.387671043166061,-0.9829222802054673,0.541589560304101,1.308201553114996,1.3541114055609427,1.265583007642479,1.6892078373138553,2.7274498438319528
2025-05-20,-0.2475620674644019,-0.03565739265352086,-0.33116634844012616,0.5941511535940025,-0.3795385645910735,-0.27516936631027944,0.8626208672529057,0.2348040092747361,0.6546557606943226,0.3999753654518212,-0.023002201562272173
2025-05-21,-0.26685849334496803,0.960992588541143,-0.28146807188139666,-0.7348110073850944,-1.4054982810700123,-1.1953603627338438,-1.5338120798066623,-0.4133093033784174,-0.8639540800919887,-0.793954064761071,-0.9667030345247185
2025-05-22,0.6273218960498372,-0.07156458519932407,1.1526980903121986,-0.851585395629284,-0.8668019235699789,0.21638946207982457,-0.023372865149917654,0.036035660584521345,0.1742072019665697,0.1548582997446868,1.2256966419432302
2025-05-23,1.0694632044875974,0.31844537884453405,0.5516217960229053,-0.2493903630332861,0.39830335349595336,0.8648837913757035,1.4212874044772672,0.9497553973909945,-0.04943829978901748,0.5874472700504008,-0.06733280820705456
2025-05-26,1.0728528549210026,0.2767666995470375,0.5179758168580184,-0.2411789101148476,1.5918532803241403,0.8771880364715656,1.2545898660286214,0.9446433141395483,-0.05305190793175596,0.5480293181816087,-0.06730869312009391
2025-05-27,1.0447502243755347,1.1779456705573788,1.9281863056648474,0.31308772641867044,1.1018711041258042,0.57197961280675,0.36803525447024477,0.7878368220948673,0.6335883580729007,1.0553979652592194,0.9378207173768027
2025-05-28,-0.7976675036299397,-0.09598030236021016,-0.4147394978910368,-0.3841611748195972,-0.8411431247496536,-0.9132226945017363,-0.21597141012401622,-0.5905035081166354,-0.3312533697115816,-0.6631676169240652,-0.511311443731477
2025-05-29,-0.011844483858769461,-1.3366722787515495,-0.5928477910511321,-0.5702456529004807,0.5905694245518615,-0.2245519208484259,1.0012388075782308,-0.7810595156272471,0.5987386498283787,-1.372530482987877,-1.8525311532674338
2025-05-30,0.18156940709184166,0.6866115925321159,-0.14134280132508392,3.3812374932269407,-0.7298810407187437,0.5178498456710479,-0.5222734775976012,0.7363353594592947,0.9395955823284119,-0.09114840402590918,1.187832738261374
2025-06-02,-0.06986710005651986,2.645688042247718,0.602357121096353,1.729528671191738,-1.2683577976930094,0.2273850213255324,0.6230661175428365,0.2728791013991705,0.5481000663364544,1.2651899794150712,1.8974474258260043
2025-06-03,2.0085519148780318,-0.4470879584385634,-0.5789447989261287,0.1565223556305062,2.7758874651494736,0.7570299711388007,0.28380009479567203,0.5240218760639737,0.7093808322802708,1.1004829667897509,-5.815667997379115
2025-06-04,0.3812782634209144,1.973247193863581,-0.32814012599766684,-0.3911175886439522,-0.22527910617733404,-0.9437118633537467,-0.010950603948756132,0.7955371547715195,1.4194939458029632,0.5094065777315748,-1.19094853385312
2025-06-05,-0.869462109551522,-0.3103182765110013,-1.5336487320339653,-3.3872312699011586,-0.4620318872253115,-0.7977948955647074,-0.13836445081175652,-0.10379998741856244,-0.14917649253428644,-0.3496790756046253,-1.9956713744175625
2025-06-06,-0.2783278623501806,-0.044790375064340804,-0.3143631069813746,-0.49467570251723325,0.9180665752879458,0.28094634644444394,0.08576110927600578,-0.1739311851068015,0.14369737140822458,-0.08380390606925747,1.0396593878560623
2025-06-09,0.06144799437282078,-0.5643213624003995,0.44585956414535666,-0.6212977950983523,-0.7048412336423282,-1.0100819140704265,-0.3337224305354436,-1.0241206724960872,-0.3574603625178474,0.1216012055467175,-0.2203139377883856
2025-06-10,0.5615460761567714,-0.1825451593639671,0.04501677858632647,0.07444239063334468,0.4868086649673531,-0.18091484937640123,0.4963572716803144,-0.4996207557493859,0.06825722083259045,0.44723330828289054,-1.740459652026749
2025-06-11,-1.1596262490361275,-0.46282549752558744,-0.8691807982980304,-0.6012238988372887,1.0232723329932636,-0.030352768198171898,-0.6091133569298912,0.2016102284103649,-1.0202291817919096,-0.0011589631970676528,-1.3965435980562546
2025-06-12,0.5543964043929206,-0.19823191327896783,-0.03274481650138439,0.46584357760377504,1.285647209814944,0.3696007532794088,0.43738160534165793,0.31384460508028234,0.3117285821092164,0.811320516045777,2.5361828267417286
2025-06-13,-0.7122855500791281,-0.0001663184297839848,0.5086048870650117,-0.8515121039008866,1.0082308329266265,-0.6944509993218939,0.7663065132102798,0.03899491061711835,-0.04687087617295527,-0.4968962306638014,-0.2092393338674281
2025-06-16,-0.11767169116166931,0.7218158522097173,1.0443006171540592,-0.7047863665550214,-0.7548660095270887,0.36844581251453956,-0.21908926939555595,-0.35924448300236334,-0.6851253932655732,0.9013052804402566,1.3204662816411972
2025-06-17,-0.7973268110042175,-0.33866679544993783,-0.9825767742563496,-0.5812927311273142,0.8542876997915672,-0.04947813922456801,-1.1978529886789713,-0.26246752838094967,-0.6406880737725329,-0.061769709685455254,-0.520115562950485
2025-06-18,-0.337862537898892,-0.5815845583388435,-0.3591444269907762,-0.46724171741169274,-1.4002010796287157,2.5509422897794343,0.1817430173236101,-0.4717518134535026,0.26372029850509904,0.10571838371791209,0.28412133101811676
2025-06-19,-0.3378452248921304,-0.5815289863758455,-0.3591217972976679,-0.4672417174223398,-1.4002010796287712,2.550988873049964,0.18169754686512274,-0.4716837938460783,0.2637199484245567,0.10574454842458003,0.2841219048675958
2025-06-20,-1.6167790706890117,-2.0535512260959288,-1.4243501945724435,-0.3326844970617526,-0.24518082881859193,0.3262009974949187,-0.9780367672116763,-0.6348715223042589,-0.6286931294769316,-0.8239801332684094,-0.4380097519300241
2025-06-23,0.7039533047111357,1.4912703895042512,1.2070271734036186,2.0002933429639214,-3.141220332274952,0.7298813308564522,-0.169734197369098,1.1464387338185,0.5217095425200213,1.3122014171353724,2.26464969337834
2025-06-24,0.8134389858942992,1.0081001299789172,0.2807468083860343,-0.303495647845875,1.5422989257784625,1.120987550172714,1.1833804789634028,0.38452866976810274,0.9032988477414072,0.5931929865222285,0.661058848975693
2025-06-25,-0.33800113674329335,-0.3659194398858978,-0.862190090890913,-1.5685593739706793,-0.9792688195274013,-0.6050261937486034,-0.4205141245739563,-1.6824748182922566,-6.301107570107945,0.35019895276870994,-2.012863256422859
2025-06-26,0.7522485272533963,1.568692790087911,0.26187319856552094,-1.8237995357960113,1.0701971971112112,1.6618529914182334,0.2902980228041363,1.0296716154043928,-3.61425654489842,1.0880311829460032,1.01452484181912
2025-06-27,-0.1660453398512729,1.3663858199084,0.8656947028869322,0.3637017263826037,-0.7766773809404603,-0.6703581062104447,-0.09209391413482759,0.6709408445669807,1.7476156779198115,-0.22351099405123476,-1.4344815215811324
2025-06-30,0.7087300073123304,-0.5044949238110386,0.18216125884644718,0.5140235008040728,0.255743341188186,-0.11757197044506285,0.6200647226535905,0.7265633643724678,0.4817883261275746,0.26396540237010324,-0.1070771537052484
2025-07-01,1.4728749320890966,-2.1525458705191403,-0.5734551918588959,-0.18343510832099508,0.03355888010039276,1.4918695238872903,0.7045390112000005,-0.2666786002628263,0.11021011697058825,-0.8489119625058716,-2.7742862786870104
2025-07-02,0.23199650508876068,-0.1342101356449632,-0.11221360904590805,-0.02804823867404993,0.9406413497753174,1.3091393177798283,1.2299864522635762,-0.3239370738412184,0.13299915130025042,1.251179198768848,-0.2811261673422605
2025-07-03,-0.17878210684005857,0.0659083357236856,0.2881480390319435,0.24961807213201848,0.5312073054584365,0.13257053867248292,0.09274543406803115,0.8807139448544055,-0.5850337928944405,1.0722957525407528,1.0270916688516873
2025-07-04,-0.1878247059537097,-0.30205674221733814,0.23475741856404664,0.38517773649164866,0.5109051247565111,0.5270929002492597,0.041335452813573426,0.8385898592817798,-0.8776696952211505,0.8973355395136107,1.260212139604766
2025-07-07,-0.5442380240577305,-0.25606463103162724,0.9543827734744159,0.6032960884533534,-1.3013024054603028,0.06145443679439477,-0.9449058871889515,-0.3415766274347254,-1.0982630200083832,-0.23581583527509942,1.481409545793455
2025-07-08,0.2687794439378166,-0.7738136981053856,-1.2675171521698725,-0.2606847340312468,0.9763559924490295,-0.7909206675600244,0.1282922118559071,-0.46962080507541026,-0.634913493591005,-0.03249107174461141,-1.4633468362833968
2025-07-09,-0.1945375520592041,1.1219113167078243,-0.7599774893608413,-0.6481440302943398,-0.5429261472625901,0.9265152678734623,0.7581666564464573,0.19668276005861962,-0.7350661183161744,0.6232405927605544,0.7613597610090617
2025-07-10,-0.2892867381814712,-0.9714167341321689,0.2335677674005776,-1.4254343156375082,0.5491626587184717,1.3124535499416279,0.5304769480853011,-1.3338326709796733,-1.0250701313049837,-0.4659566486061473,-0.23442961013464547
2025-07-11,0.04132739708251343,-0.2957965402988094,0.49706664087734165,-0.23012054833714268,0.6517621414721786,-0.4067197683216506,-0.9200474148016169,-0.4812168015889351,0.4649144168405117,0.40748065641511566,2.463756270349471
2025-07-14,0.049431330032634335,0.7028117556732827,0.5828517415330525,0.9580139417219469,-0.4417665850707575,0.9122462302640466,0.9043325087558785,1.314365891020275,0.33138955891467425,0.17267446021316246,0.9514719115118142
2025-07-15,-1.664741159645322,-1.1305102873588102,-0.9582466971313819,-1.1896897527490236,-1.2879931684095625,-1.8041089137520783,-1.9130974819681401,-1.2226844058528141,-0.3578457501095089,0.08747929414130162,-2.48267594988274
2025-07-16,-0.20218137475318532,-1.0279625297884065,0.1447598573793174,-1.4143679050510283,-1.3321863303294657,0.3815047708183972,0.8035440556204643,0.2787724776000422,0.31813249168972657,0.1542898861710107,-1.9859224237993578
2025-07-17,0.5641340556644225,0.395126700888615,-0.10526410273061781,0.5775219787972574,2.174820342186967,1.4065511688386767,0.28651708067637394,0.7948984687845106,1.097594508045785,0.8335950556153104,-0.6230105186764479
2025-07-18,0.23071829041128034,-0.6196008002593456,0.618768452346119,-0.8294282623780291,-0.1856635683880059,-0.3139121349942209,-1.3861582806327655,-0.6388376318116062,-0.3412553766222959,-0.845115989862899,2.6860695111595945
2025-07-21,1.0969883265289804,1.4391850613294066,0.05337395136884027,-0.4071916112095786,-1.5382901057656273,-0.9048843285157537,-0.2565213599310612,-0.6019938001897596,-0.31084271089486526,0.2848643828777808,-1.505009583779604
2025-07-22,0.4156418247148519,-1.6711366881307366,0.4118096109737124,-0.362592130448125,0.9700258373383841,-0.31930075308977957,1.3066014735277687,-0.10138914504429497,1.0355854345107884,-1.1415354749001683,0.4611219963106983
2025-07-23,-0.6435986587915665,0.10470203986145954,-0.1762509696910275,-0.15674473125703026,1.1289681153257902,0.09828534753522078,-0.011651496484343937,-0.04086486773202669,-0.07647315403858101,0.2706945055196863,-1.7128934882634006
2025-07-24,0.8429441570013241,-0.6379709075717055,-0.6995728510390875,-0.7649910016249151,0.9769455476032585,-0.55148154358996,-0.7288340656247394,0.1349067588088948,-0.2698727383918631,0.4477485556034555,-0.6538289277816522
2025-07-25,0.15056970479698784,-0.2075881111201605,-0.28437604920699133,-0.12698293022138651,0.07429197134989352,-0.46984461246378784,0.17176020581344265,0.5689648490880161,0.7856409982421209,0.23707306661859828,1.2052796791918396
2025-07-28,-0.26633976820261696,-0.14798018837616222,0.46187635349352885,-0.29669978117305984,1.4061561850467141,-1.3693001728218968,-0.8723568020748362,-0.6756917450588928,-0.7999818229066924,0.1132595897690436,-0.40000408648781516
2025-07-29,0.2805717802595309,-1.3578203367930253,-1.2570257523626172,0.14007742982771187,-0.06498940556543902,-1.4445116691792936,0.2905698872282203,-0.6710973377319851,1.3091724648489844,-0.09790695929590143,1.7762358038236004
2025-07-30,-0.9686887479106066,-0.47039488716857925,0.2800942480596591,-0.7894712119451808,-0.22694536694380804,-0.6028908821653411,-0.07717101841266949,0.4800658583330897,-1.2065797849441062,0.10345552067725361,3.1639009061101397
2025-07-31,0.3683785870010947,-0.9531666186139875,-1.69252503770152,1.174118891873488,-1.0240404300094614,-0.6437330695349575,-1.5921845675814228,0.3830590332706274,-1.4197200812121502,-2.7168722575809934,0.21842074513311882
2025-08-01,0.15245097730403057,-0.9127815675687989,-1.1840974268477633,1.2006876270179045,-2.613489733513173,-1.772619422988364,0.6872294950474256,-1.071711783631113,-1.2631085491429883,-1.2535465823188097,1.0759711290616814
2025-08-04,1.6813078680228966,1.84464471078587,0.033671214127539706,0.2919603649133684,0.1900440805105252,0.4821261346698247,1.3030593515819477,0.5232147850249502,0.6229926916490713,1.3117419220953552,2.2880842273709012
2025-08-05,0.4768376114804962,-1.4028631808347347,0.09211764963337199,-0.7897288353777565,0.06770739226697185,-0.878658016733036,-1.6346057220205878,0.6911041354553671,0.019727632408206297,-1.3908906143627497,-1.8852793259546585
2025-08-06,0.10567940385368679,0.8471397323147167,1.322622111716032,2.2214859014524135,-0.6349802534455353,-0.13081013403963837,-1.1300271154376484,-0.362917001412566,-0.6320272719485764,0.7416975738089304,-1.214808796808764
2025-08-07,-0.7045480457550268,-0.9043485257131278,-0.651993665375461,0.4217344055641892,-0.7497761557264827,-1.2221405056785706,-0.3334285060515918,-0.6810498281076938,0.31837247769150867,-0.7024229160506268,0.29568095326408805
2025-08-08,0.77145151435003,1.3658805282402042,0.24242140357257913,0.374852837505224,0.3243881026157266,-0.3867212370090245,0.24993541100464256,-0.9331946045560091,-0.12055921434696026,0.6397594429160769,-0.6132883008077794
2025-08-11,-0.09245673286275569,-0.196931214875673,-0.32305781996490035,0.46516908376839083,-1.490599206688103,0.14468184135691953,-0.0543510143276138,-1.0655906665044013,0.26950031536776553,-0.41849768281226885,-1.3200928094028397
2025-08-12,0.6547291327307247,1.455118517782239,0.8023435627552145,0.2943441004684244,0.25007190285655206,-0.41698614940158807,0.9719737815295115,-1.1101117539764283,0.5645923696512067,1.0901869284285048,1.3006224160920787
2025-08-13,0.2834422641620149,-1.4541140697972077,-0.24178252003795864,-0.3054764199224236,0.5768926901793364,0.32388627902302236,1.0277423027617916,0.4375517936682227,-0.2247626567828176,-0.9957037489081055,-2.1373740373105354
2025-08-14,0.3188698011135971,0.7820355402458956,0.4808375605566573,-0.5238324916182813,-0.024513892621224595,0.32801384149141466,0.11423871712226141,-0.7553526859822468,-0.10747379818981662,0.2473168075939336,-0.018958382865252865
2025-08-15,-0.24435559726257994,0.19610269885628195,-0.7021481216880732,-0.45308823127905296,-0.2815106257850044,-1.59025136715214,0.5348084957966126,-0.0790051751481391,0.37159026241637694,-0.6952890641745757,-1.3410857950191701
2025-08-18,-0.3656489841682542,-0.42170323681258726,0.7615554920126888,0.5122804126605152,-0.3458065019004585,1.0980663301059623,-0.28819924832125254,0.9301975741474511,-1.1895390820400586,0.011069267536245597,0.04888603575576855
2025-08-19,0.25363916953051735,-1.664256161643074,-0.3094784153448771,0.13790444868324592,-0.21459968311748312,-0.9987683334779729,-0.05320736964369299,-0.3068951275005283,0.1443792466141458,-1.6846112893924126,-0.20140729046421724
2025-08-20,-0.13078538173116883,-0.25235932805027783,-0.2637060896838128,1.493360656921583,-0.5480972244305932,0.5970994889673342,0.5607336307458688,0.09312959861622616,0.1966365854023655,-0.6471249011685276,-0.18167819337346902
2025-08-21,-0.033389850164500245,-0.511426597902942,0.5072672908863485,-1.7460642018256034,0.5363895664759523,0.3054003529774585,0.1689160267204004,-0.17899454955541128,0.1336967898286856,-0.03563830343232821,-0.5581175093614443
2025-08-22,-0.23983633454912612,1.3036801262726438,1.9599264480673728,-1.1832108491822257,2.5087808088748482,1.872984655693677,-0.22691209178909988,1.121309802138426,0.8104842703978932,1.345711325897403,-0.6173281686842613
2025-08-25,-0.8084866951178493,0.37554521064786517,0.3657830586217825,-1.3084987737409515,0.15498231505263743,-0.4906164732664253,-1.6018901508485173,-0.6993068574606798,-0.6019671468448728,-0.0023691426217609113,-0.30637409679085126
2025-08-26,1.1355239883660717,0.31073236404082216,0.45740344917895026,-0.05506670159981519,-0.07086456113370498,0.7923221367660771,0.8065053862255089,0.5589137079436313,-0.25825086858810575,0.39250491603510795,1.1800320530264141
2025-08-27,0.11189532327436921,-0.11775214170680615,-0.2323412018527704,0.8018621923482794,0.7698877809335278,0.48987756994305354,0.057763447811631785,0.05177787907735265,0.42685176689607474,0.5933339013148853,0.14716948236563887
2025-08-28,-0.02987396027130084,1.08637539443599,0.5700603610948596,-0.5877810397693084,1.238305819442336,-1.0924754291344763,0.216260162663362,-0.03947122890579635,0.1393442133443168,0.5845448309771184,0.4791357758821668
2025-08-29,-0.5619397329766591,-0.5449292241988646,-1.2173887058570032,-0.10588956857670029,-0.186934219110229,-0.45846255985521056,0.07365312417406678,-1.1565207822294643,-0.05932691714075622,-0.9916870261502009,-2.0321920917864
2025-09-01,-0.7365989801850548,-0.5450147430501207,-1.2177413307710494,-0.10588884683899735,-0.34435672987082055,-0.45807775978840004,0.07365378158572522,-1.1567498835003298,-0.05932675229632922,-0.9975120637210955,-2.0306044452230387
2025-09-02,-0.7808342752066241,1.3423669676638106,-0.5645259157072369,-0.4556913494937809,1.58236883143541,0.40095291496018426,0.33490586483244655,0.06410286132740861,-1.214424360069566,0.9479663334820421,1.0309063779609495
2025-09-03,-0.42328113069467194,0.9694426520998833,0.45862956017488354,0.9335222175283597,-1.0248729207204876,0.16997000839478194,-1.2525667268531104,-0.21943956485500626,-0.6705341516845542,0.12562082777762829,0.43443788869728106
2025-09-04,0.22788110638630785,0.9045681036469411,0.9484729899424282,0.1436605397964419,0.6861036175741075,0.5913289583952874,0.4264308434549502,0.7726466597512749,0.2799297101202747,0.8295297016350123,-0.5476229341292216
2025-09-05,0.21496380426819472,0.22795855496255957,-0.864636351162229,0.4595170784474023,-0.7867777884244531,-2.7950543789196147,1.1597947398273911,-0.8669664838912738,0.33168354164190283,-1.7288710732305312,-1.755623228779013
2025-09-08,0.8025214241489359,-0.4016748512618351,-0.02468524625515167,0.5754029962734108,-1.501680907081615,0.37405654514224285,0.34270366688204934,0.32678776156822575,-0.23157339700400348,0.23189730490076332,-1.552351510572747
2025-09-09,-0.6620367329781971,1.4547847852056206,0.2600855922322509,0.9615913659459574,-1.0096876480499728,0.40274861070463963,0.46174446001210345,-0.4882002492046955,1.3638107357105023,-0.4670206595067006,0.14416920192965588
2025-09-10,-0.14606889370296092,-1.1529059624115767,-1.7072952142004105,-1.820847969516981,1.8470700606744828,-0.7147662536563293,-1.831387202140733,-0.10443705087087585,-0.18927024275916526,-0.10006301589731148,2.1324608795529665
2025-09-11,2.187233964334602,-1.0318237024119492,0.8654125618635655,0.6808707208592057,0.19033624334841015,1.1820213829043746,1.30612168160944,1.1768064634590791,1.2548982339848358,-0.24227836789164625,-0.6635487527437811
2025-09-12,-0.44446776047542363,0.20080552343448854,0.9145581060963748,0.6550528524441379,-1.0873982758491385,-0.25444947540691487,-0.9688592309008093,-0.4726241623835836,-0.7360684800918449,0.38617297390464156,1.2161672910102395
2025-09-15,-0.41356874898281165,1.385725648871139,-0.17560341756692743,-0.8740111621502122,-0.2838678605404099,-1.7136554605332477,-0.5862468359758344,-0.3715808471689508,0.041208959607463846,1.1377567348417994,0.9689160191343804
2025-09-16,-0.6000184408001571,0.6031698471548053,0.02266932841741287,-0.6440510907060659,0.906726620124787,-0.9281613346446393,-0.17392859189498955,-0.3468559283697381,-1.0388397389911708,-0.7334466807649931,-1.8536632567029532
2025-09-17,0.8594943206433905,-0.2826121831242978,1.0737730930424627,0.8929588709879033,1.340087711978355,0.2141016460048384,-0.23962904825035602,-0.21510644800282197,-0.4784056659435043,-0.44681109708274436,-0.4459132966766699
2025-09-18,-0.5184251971165302,-0.1734177634079348,-1.4353302433566806,-0.46995259164885894,-0.2043282846761918,0.7378178779051447,0.7701042144645953,0.5714868071973855,0.17327537168596585,0.04591327522367461,-0.22668575000315272
2025-09-19,0.44742975970723214,-0.2683447845890585,-0.12969744736843758,-0.390190311926919,-0.36435649228100386,-0.3163864044273712,-0.3574342431118316,-0.43747970478662523,-0.1973860186218812,0.8991922483452264,1.3270911977022681
2025-09-22,0.2633395202251114,-1.0973744610031644,0.26936397911121457,-0.40239223576823413,1.459865400120841,0.09454240801562985,0.49563220597275137,0.9703142764458939,1.2102668426575702,1.1995266921394965,3.0739579554085017
2025-09-23,0.3795424007753941,-1.1718225286193262,-0.6497980327107689,0.13637778356287988,0.478422328938799,-0.6751474279193981,0.10537226455133997,-0.0711995281585942,0.33715225265353865,-0.791324770162305,-1.4032828019814203
2025-09-24,-1.0843768998609613,-0.5596257428839624,0.33738416580439967,0.13468099993536597,0.8400223833927356,0.14427046892608875,-0.767753636192503,-2.2331851197143315,-0.9523075243433432,-0.6842064894464706,0.15741207714368155
2025-09-25,0.07273189933161786,-0.02881791986079074,-0.526349637977408,-1.066983254584386,1.6954754238776015,0.3094410926465452,-1.4618192044477452,0.0744418921311718,-0.6233957016155589,0.684411128902318,-1.7364061077676407
2025-09-26,0.12553842939667276,-0.013056699948393882,0.5822678503506484,-0.8553006032086974,0.5532926749622913,-0.12190583585163228,0.48692509265861883,0.05561742062927255,0.1862685421504251,0.32797163631002046,0.7110103315193683
2025-09-29,0.3770548311712174,-0.35792286839054016,-0.61119559181394,0.040614634098212754,-0.4049101804482036,0.8233399211675652,0.19573657924163435,-0.19113518518828476,-1.0797492354203908,0.12171775677463081,0.37944187897478443
2025-09-30,1.1313337817610722,-0.7345777303685854,-0.9288157481780912,0.8793930548529838,-0.630466758078696,0.4677342594950229,1.3187595047880585,0.8618977662392391,-0.01335281387552234,0.7111375697773203,-0.40414896454881166
2025-10-01,-0.9080029511014491,-0.4031173741806618,0.5778107998103632,-0.6019535944875032,1.512743225408264,-0.8465681048340779,1.30980512308414,0.07436516358387824,-0.726161496101474,1.2520592363406413,4.7649227737226685
2025-10-02,0.9588642226708642,0.47089807299444586,-0.9218408527460475,0.4237832415857401,0.26879091013569667,0.6863533164664481,0.7670891603989816,0.39275517553498673,-0.5659444625633059,-0.5434692598272783,1.1581202219101083
2025-10-03,0.011748293296886616,-0.6551846303714115,-1.5201258551430286,-0.018097709667919126,0.2596161194680757,0.8628061341818594,0.2984126811538035,-0.02829334926226501,0.8849210729881207,-0.24049945190049993,0.2502746406017664
2025-10-06,0.6743756212112645,1.238634026822171,0.9450935816404993,-0.589238953540816,-0.4060056311082194,-0.9188272820281784,-1.0116745210975386,0.0660389172172593,0.6367984793328008,0.1700125741112002,-0.9886225781295388
2025-10-07,0.4094245933456312,-0.9443639425481607,-1.921630503144156,0.6359044782246581,0.08525402600165766,-0.5636826704178644,-0.026476380136075672,-0.18127781794323727,-0.35633046439651483,-1.0727103591797627,-0.5838049989054683
2025-10-08,0.2278213380281959,0.08713372589577863,-0.4092768693750637,0.1339360305100401,-0.27232737161035914,0.9186142310430689,-0.018164659884378764,0.8220853741814249,1.4533202237591247,1.1771083222443801,0.5956204543077215
2025-10-09,-1.6888820977035515,-0.04526518944935821,1.635125532199866,1.1769391003261465,-0.9707293293971131,0.004212191290786649,-0.14558719800809028,-1.3281345717191417,0.019905858676683152,-0.38364920965641147,1.1897306620792802
2025-10-10,-1.1035038496917111,-2.461278781347508,-3.230196564026988,-1.1576248206697448,-3.261267191307027,-4.425912202011051,-1.7321090979192544,-2.3449551928598433,-1.0701337519331333,-3.798185940126786,-3.1127315743051165
2025-10-13,2.32862307485876,1.9672473063053446,1.4741977719126886,0.6774825903026249,-0.05457364083281124,-0.3096761659003522,0.8088490527667025,0.7138718224510843,0.4253402923949601,0.11222381778643875,1.1364754384434406
2025-10-14,0.931749947358236,0.08572356668098735,0.8808747544999829,0.8413106616446786,0.9919411998726924,1.3077902684766274,1.3188150116889341,1.6407561436104334,1.3212355712156398,0.27530510637492345,2.540091431449887
2025-10-15,-1.7172183712608386,1.294651255906419,-2.1807339778426083,0.799773284591887,1.4115346003546803,-1.4498923084955706,0.430185588848353,-2.364813214205641,0.23856835565971846,-0.28793191707856547,1.0344262880896293
2025-10-16,-2.0374945055573748,-0.48245168530773164,-1.340463669434655,-2.7118065194518315,-2.447088190171798,-3.340531680560521,-0.19885183741925605,-1.0769748952784486,-1.1229699156368067,-0.5719169540732372,-2.0068527863365992
2025-10-17,-0.13766063927605932,0.6174108281933756,1.4890441574312963,0.6671671349593788,-0.2795231439958301,1.9304813985575597,1.4369960418404215,0.6158224860119077,0.13245380418469566,1.0627321407069124,-0.895662316281054
2025-10-20,1.089919971472626,1.502655714552558,1.0202553391817082,-0.05898042799838965,0.4556312963187592,0.8905234824925445,0.7866261526625395,0.8833804647102372,0.7616737852209177,0.7566510723599373,-4.405629544857703
2025-10-21,-1.1829044423375068,-1.0343561829614414,1.5082653757328757,0.03642191108608195,-0.5169600065467295,-0.002572601200612201,-0.23039433609964854,1.190137741277475,0.33393607742371323,-0.38392070065014217,-2.365397606580133
2025-10-22,-0.8585003422440775,-0.769100516932935,-1.229921861070693,0.4434876753873551,-0.8838018561062477,-1.1953389666382153,-1.42453333565421,-1.2883125461802258,0.4210543411672818,-0.8180273391904525,-2.035572714630951
2025-10-23,0.37225443480263204,0.2273113673833994,1.0196547632312924,-0.41440148905337315,0.9195473372017204,0.2640716042033642,0.8961865420525239,1.0792167865383728,0.04093883767541939,0.693034398754766,1.7360831577934777
2025-10-24,-0.6222954006407257,1.2670831107603013,-0.5221275103603484,-0.8015612044349418,-0.8592544665740776,1.3135385138143052,-0.3660251202311726,-0.14297107571820122,-0.36524129628884294,0.5198247087871088,2.4293517709430335
2025-10-27,-0.6684017242965529,2.324937877183444,0.7029820397580266,-0.010833589202396965,-0.4106068010811592,-0.13830557951275413,0.5425873405162651,-0.8583894996713859,0.20827053334071532,0.5462072080609781,-0.39425765971977667
2025-10-28,-0.10623761621539488,-0.3134429981646322,-0.7338347609722295,-0.35036355494647564,-1.6896870399317532,-1.2255934138613145,0.5190347511190962,-0.3640022941377441,-2.3523024135069237,0.05715087147146747,-2.59153197609705
2025-10-29,-1.7626076238307833,1.0643749771733335,-0.9991086311104125,-0.8475657486989308,1.1115690942253842,-0.43379372994289955,-0.37327305001891853,-0.6713868634444342,-1.6856160340045778,0.234018571738992,3.590946953450125
2025-10-30,-0.38585591549786263,-2.2129242579685333,-0.12357104117313167,0.7667602638750548,-0.6887281196747197,-1.227334190406204,0.35798189274947045,-0.8628778336038256,1.5636064345287526,-1.0783229273685246,-2.131287177225194
2025-10-31,-2.2022839917357304,-0.4056016223824721,-0.40557260098720294,-0.3374748309392106,2.8120174513265317,1.3807498806265972,0.9670034456617627,-0.10113917655998339,1.7704045135646052,-1.7398049908850632,-1.9976469835465194
2025-11-03,-2.05077974272061,-2.9687748110163725,0.2713373361068694,1.3918835289288944,-0.260992137191951,-0.5835464971260307,0.4268910563257622,-0.6975613394089142,-0.5102954273579874,-0.7371757655387556,-0.16157466527959574
2025-11-04,0.3160907340667096,-0.3510308927516803,-0.5885519619370561,0.6361795751147925,0.06186381538191288,-0.7394932464398707,-0.14859961487351248,-0.5467402553877232,-0.3846757075980922,-0.5011008425732988,-0.8523637117419325
2025-11-05,0.5370563853394739,0.9848463350464298,0.566178908788717,-0.45357137090431543,2.8150515735824833,0.6769320125091127,1.7334795773789935,2.3329421884245027,-0.10577671649422138,0.40238091086821637,-0.05356436993390057
2025-11-06,-0.2742787091387755,-0.16273816763170412,-2.1329886622258654,-0.1694934762289102,-0.7374152286194646,-1.8180192021088892,0.44637832760021645,-2.284985955200769,0.09025089877214842,-1.5826826425595297,-1.7971352772865434
2025-11-07,0.9048935912775002,1.0561488732408586,0.07694453134552415,-0.6074984320735388,1.8076689677781754,2.259949709021769,0.7069156778292784,0.8785026386084471,0.19630284878331405,0.04768880943268883,4.678126475936106
2025-11-10,0.1219932432866555,0.8923667626468124,0.16989834633371892,-0.20165607596046575,0.20709850454869727,-0.12235283450042767,1.1699370952879873,-0.628603030476016,0.8183639664815168,0.9251879857132828,-0.9499910610955897
2025-11-11,0.13071717060060273,1.3975546753312917,0.6733972501970609,-0.18199868987688328,0.1728626642629516,-0.28542770074460044,1.5815535038657291,-0.24270992219249665,-0.5239545513672783,0.13799817031303618,-1.587800540013018
2025-11-12,0.605749868577754,1.3800725825035665,-0.6365180714056895,-0.1427853912519872,-1.2052770310034933,-0.19276684619370377,0.35868314924172306,0.1489633582630434,-0.6117337269056722,-0.8091596321158967,-0.27218706376813673
2025-11-13,0.07576786273000291,-0.3798685429822757,-2.868580474212601,0.8728107519838435,-2.1603502894790405,-1.4871205337314342,0.05565974814667474,-1.2789481437848638,-2.365653735614548,-1.5690817439262372,-3.1122963445315732
2025-11-14,-0.9353891916124235,-2.2152358155632768,1.0215260697410855,-0.4039858521508899,3.116344024757711,1.4028859730392806,0.07589815194040117,0.5691312197320553,0.1562086630534587,2.0341916356813483,2.163563762636045
2025-11-17,-0.8525103346721297,-0.133183563492989,-1.1304675740305803,-0.9460614280466961,-0.8531179010962009,-2.4118882407793807,0.5067953546380011,-1.4968585913069155,-1.1330616641313629,-0.31299334275723956,0.8420843818520263
2025-11-18,-0.7461196846741958,0.9688486724775291,-0.9385750608717158,-1.6233646509989264,2.012348471868486,0.30266975613564284,0.8447216250282219,-0.15206350270206004,0.18348727902210982,-0.5510324203817807,1.173995495259894
2025-11-19,-0.22097531541060977,-1.9938201078407158,-0.7346107399652912,-0.4513103579055433,1.0034812368748813,-0.06736156182292063,0.26667505770663347,-0.4894523639021875,-0.9135821381075493,0.8317278850434873,2.319331970146421
2025-11-20,-1.489353643570701,-3.171983493573105,-3.9845952815070085,-0.22030033913249536,-3.1372815842249713,-2.975369417255158,-1.6201111558620584,-2.586693588812561,-2.0943021798701,-4.375003180932779,-4.894164374239052
2025-11-21,1.3901158370597466,0.6048642703311513,1.3738219886690661,0.5028843960853013,1.241073660537273,0.7813664925839792,1.7334072385397858,1.5221616457586906,0.07206643171584481,0.1463051263228543,-0.8855722642828523
2025-11-24,-0.4021216886205492,0.5388335727788185,1.8026519030451604,-1.2898756838322645,2.0869317312145697,1.0218423984327485,0.5218823470294787,0.07803351460868857,0.6130871318523745,2.0852997890038694,3.2272543351710814
2025-11-25,-0.644286857087617,-0.1464724895712255,1.2284106927317406,0.8566699458797622,0.42302431921050765,1.0086203820550255,1.445034504124254,1.2413339055158623,-1.4853676275902283,0.7838700481198169,-0.3510664960168719
2025-11-26,0.3114462636069737,0.2658208353331304,-0.07130566576384334,1.311146895847104,1.765924176230338,1.101487384592592,-0.11704500137519336,0.15808871892732945,0.32481290903187965,0.14948911708210222,1.0493243371929362
2025-11-27,0.31300710102848406,0.26584996670773187,-0.07130751208336283,1.311144687591903,1.765924103398131,1.1038469603308565,-0.11704197255203441,0.16296685320187354,0.3253383230211293,0.14951136751391036,1.0493254059818602
2025-11-28,0.6268529554538604,0.7998125692106894,0.4905625352616294,0.8949462195478652,1.1355698688932714,-0.0009246206727486772,-0.029781261750883026,0.28193613719498245,0.4848853974913414,0.5322056118297613,0.6026585324137246
2025-12-01,-0.7039039437735539,0.7066493078625502,0.5702203884733192,-0.06287558818055539,-0.1692377998598671,0.4957071472048824,-1.2875054052330692,0.019950540606794576,-1.3382689915675927,0.5238896420130423,-0.9673677048907758
2025-12-02,0.13445551256394683,1.0360066828019043,1.6887317041524463,0.8491487849472623,-0.9314139325612647,-0.635183913421844,-0.03747611839545195,0.31419947405748605,-0.8684359870482328,0.4437814499224535,-0.5936525209348287
2025-12-03,0.3080437811679104,-0.3115047175899943,0.5057363980217611,0.10105821454167163,0.34257706989497816,1.5442460953626558,0.7596399829204792,1.157923756749435,0.46198777874992825,0.45980716607296745,-0.22657421567574554
2025-12-04,-0.7949492625146326,-0.12743203489823385,-0.371896837221275,-1.1179314479928593,0.45135920958601083,0.7041808476344391,-0.7134208844340351,0.20233668181435238,0.09459123739949948,-0.4362112477591551,1.3828583197400546
2025-12-05,-1.1672202377545626,1.0499608917873937,0.8610732976524815,-0.23904736089859213,-0.6270440080151984,-0.06811460488272969,-0.6756496426305714,0.2884751951336195,1.3902391443748385,0.1954017607909364,-2.0523070095051055
2025-12-08,-2.3096037309039863,-1.5612215217361114,-0.8602756729993666,-0.5913184941323868,-0.7887995007760495,0.07736318411435406,-1.7119483060368035,-0.6297202698365423,-0.13221134292613623,-0.05180722189138676,-1.2614521096762088
2025-12-09,-0.07119389600734882,-0.16642653926313145,0.993067125713698,0.04601576866003487,0.20525660024448555,0.2816163923312853,-1.4901963009563923,-0.4266485313636159,-0.21337684877525964,0.39347646901322086,0.37620415863364176
2025-12-10,0.9534456396215862,-2.3633552205309605,1.18677778932208,-1.3116452980759918,1.6673991283498557,1.5564572135678523,0.48089662032280156,1.477219312531397,-0.7852383476544933,0.420426590477474,0.6260881041168398
2025-12-11,2.0896440997699717,0.3816811796089947,0.09059932280890415,1.076199915469056,1.1000381952971816,0.8175585838640309,0.7065780480239425,1.2709637191901768,1.6938938517793822,0.432261985295912,3.586563059191983
2025-12-12,1.5995454647561802,-0.273477116416998,0.22744643154797295,0.3554320623972096,-3.1190755000504944,-1.307345644941238,-0.3009709409862893,-0.9793838315760306,-0.44988138749146867,-1.6919836697946278,-5.068232123865535
2025-12-15,-0.2628311930787608,-0.7822106909107673,0.3412900472475,-1.6433679293266223,-0.8434121386615034,-1.178696560222936,0.7311006163011058,-0.822081764739202,0.5207427141732612,-1.4022624424635644,0.2059302267670704
2025-12-16,1.104287632098666,0.547894604652921,0.9560637513483128,-0.07425208574632913,-0.8824247003632935,0.13800375827717204,-0.307906401731628,0.23535748980498816,-0.24218481878907072,0.833109646341379,2.1062227264871947
2025-12-17,0.06016687146710442,-0.8169834798576248,-2.208711693988341,0.36312322271963016,0.22261801861342967,-0.6923417560443568,-0.10948616688569723,-0.1856470917635633,-0.7415788897996767,-2.2683243634888495,-5.426290789451604
2025-12-18,-0.4304393501656234,0.17217195579932731,0.561886672399492,-0.24954656504797557,-1.3238048807975744,-1.0722969093325374,-0.10813805604688032,-0.18431155200817617,-0.9316249579127911,0.18800005652670482,1.687110850481477
2025-12-19,0.7337661660312911,-0.05563791250852157,0.1220333974693455,-0.22693702397894588,1.1251238989179901,0.8557370324979052,1.7809381075286845,0.9603005779292184,1.5552109188382124,0.7933561881456663,-1.3131574631875198
2025-12-22,0.4834049649775629,-0.41689875814868715,-0.3181016911540824,-0.6033385613325226,1.7450633849281028,0.6988082365307013,0.7587871899281673,0.6699160075984256,0.607404499632791,-0.38382336791719096,-0.7582575682223203
2025-12-23,0.35185130179673507,0.29528224294632643,0.3369246991098862,0.058016358124191036,-1.626252277206397,0.3537096525341399,0.09545642335120341,-0.2450434288843062,0.40637171911350745,1.0172535073507127,1.4869169347224043
2025-12-24,0.01969853242589359,0.5062471980764149,0.05764209187018032,1.1990778518069067,0.0447389048029212,0.3426566257420438,0.3194090405925776,0.3579867077705634,0.0013800584751866296,0.36618705461564094,0.8097153536091417
2025-12-25,0.021634141663851025,0.5111150153532362,0.05748453426137612,1.197931191214141,0.044738209489847414,0.3393733874525351,0.32730545256205446,0.3512519196272601,0.0013575611057525805,0.3681306731651679,0.8094828775789376
2025-12-26,0.18608867932448092,0.6977435221070305,-0.46794682815229915,0.2372202781018018,-0.4140453563181379,-0.3373765144162433,-0.25581710065728513,-0.19310353036607886,0.38074453552501275,-0.14718489230747256,-0.4377990045386193
2025-12-29,0.47295889903828936,0.35057474237518704,-0.3614520692427736,-0.23577670894694425,0.4325855452755656,-0.34292559782013177,-0.5555179137137878,-0.014264659899476673,-0.06840504912380974,0.31435777513841856,-0.3613593756977118
2025-12-30,0.46682358718221906,0.23491961924464455,-0.13876552043016188,0.1265038379937966,-0.20711963416742973,-0.5970573604196505,-0.35191883338533403,-0.21070298554625166,0.573968693653093,0.05267650717633021,-0.24472964159708566
2025-12-31,-0.22086234907238156,-0.13635739094087773,-1.047888656338014,-0.2745237554874769,-0.9176694621292336,-1.0085839984086853,-0.3200728174148404,-0.876777279661145,-0.4262273583929832,-0.876401958756956,-1.1317350058068998
2026-01-01,-0.2182454653258059,-0.13641043321001023,-1.0478089952141834,-0.2747319435265849,-0.9178037207826617,-1.009299023051169,-0.3162096584527041,-0.8799430251718476,-0.3401572256639174,-0.8760676777512688,-1.1315205343356949
2026-01-02,0.6847600402352771,-1.6717962993153757,-1.9142523540731204,-0.3321779699725469,1.9993886449908516,0.42513585475707494,-0.37739454737344413,-0.03546839659721579,-0.32472958418945375,-1.015885703135988,2.1043665532958666
2026-01-05,1.6088873761471723,1.1706549377875852,1.7791996566328905,0.8479746434363333,-2.639179151575488,2.206750491414189,-0.3293949150719788,2.344841652636509,1.2248117177624973,-0.3147088600968351,-3.1856655244219434
2026-01-06,0.8852151464147084,-0.4140025751749987,0.48683974208265646,1.3272042027988373,-1.4042630239437415,0.15272902634464458,2.7208130472844205,2.183479515981257,1.6700872630163843,0.34732319027095393,-0.64629344924656
2026-01-07,-0.5578801470573325,-0.5956640351649112,0.6182702375922888,-1.1465389957900807,-2.7117431095857625,-1.0279103893264474,1.773500429032615,-0.6099113401873746,-1.8710946423335817,0.35336551363878144,-3.366871772125013
2026-01-08,1.6065634248508376,0.1463563173032867,0.9027932107175118,1.701029113802499,2.8070298729176546,0.5659302067962058,-1.1495336061990935,0.8628288991305633,1.3029969599919422,-0.9478071145877731,-2.1927634556303754
2026-01-09,1.273801631437399,-0.061802557587142815,1.2412728311704146,1.1256619836832682,-1.5853396908387052,-1.014777993948257,-0.6448856978530038,1.3181090253231442,1.35777589402446,1.1466706587171194,0.46455016841229213
2026-01-12,0.27811893907720986,0.019126545232639458,0.023904121413997892,1.8778104464995504,0.051423721792653865,0.6673186251771046,-0.9391727912787307,0.5701568367715071,-1.5278314623617062,0.8855085224905634,0.44620304084752593
2026-01-13,-0.17387094061783737,-0.7182662748174584,-1.0705209293142781,0.8430500599879043,0.6981669996474649,0.20749889014168854,-0.7293735404143575,-0.16259904501767508,1.607262492062489,-0.2921838818936928,-0.24766099226042337
2026-01-14,-0.31564858175162636,-0.43112179908494364,-0.8909445732752097,1.011147548305491,0.2960289260198312,0.7566505805788104,0.6378047768503148,0.6067205460946301,0.3953068938036042,-0.8500719694083947,0.45371837543495275
2026-01-15,-0.08707449589775429,-1.0077232769673872,-0.3685096414895783,0.07592147103856473,1.0199375793143783,-0.7904148687080559,-1.118985459940225,0.5621913503466303,0.1604708770229557,-1.0152529437475133,1.453037593636397
2026-01-16,0.058580238552807806,-1.1706764142396353,-0.7933935404183634,0.2461930157771075,0.07090250275807453,0.2988777402434639,-0.6861360456401622,0.41704134927949,0.17631754063640592,-0.5051891761398641,-2.9326414089515085
2026-01-19,0.05445778993862227,-1.1505491893627595,-0.7901754827235319,0.2461485788886275,0.06771661784212846,0.2965619134071451,-0.6847541081004271,0.4229761366014717,0.17076385035710295,-0.5124599104548766,-2.950984670053469
2026-01-20,-0.1631057428143956,-0.5225805029320019,-0.8281944371205219,0.20726719351542577,-0.8023664207869263,-0.6078781668714561,1.0534086765180417,-0.9953154450835666,-1.352091855838533,-0.46268212399478426,-1.3069664971115835
2026-01-21,1.1682259744781431,1.4568659449022414,1.793536016295505,1.905065783768256,1.0553562977072328,0.7157556842251278,1.8388209220414398,0.7394527988031863,0.5084504156093628,0.7107039608957422,-0.24490573024400497
2026-01-22,1.15410900288897,-0.2860791101066851,0.6022930701621299,-0.45428428028760903,-0.07232965586186912,-0.05763861243263113,0.5373958599447226,-0.18640323998792008,-0.45995845647233136,-0.17488346613863115,-2.7030717097024315
2026-01-23,1.7267660858478973,1.07379331941726,0.6637920795715013,0.815368046494247,-0.35886584716477987,-1.6489551036253824,-0.5190561435574503,-0.33828422518741297,0.0034409897117892996,0.7757170714423722,-0.30652267753895623
2026-01-26,-0.04303226538383553,-0.14187706244765952,-0.42667306722130593,-0.6695589205944485,0.1544240946181441,0.1669313461473143,1.1032894193152343,-0.1483160637043346,0.9715562655794097,1.0428144959824914,-0.38437919109807206
2026-01-27,-0.21105624969943726,-0.9570190349622698,0.7413949923704477,-0.5246501244419166,0.15157619474035489,-0.6823125004173369,0.22462054236846996,0.07719698266011044,-0.21163950589451197,0.6662068656734688,1.1021665003314363
2026-01-28,-0.2608764237608696,-0.5643126333296111,-1.159547144293016,-0.6763607581316222,0.8193509521220443,-0.4422482601232902,-0.9705536916816193,-1.5850526313331392,0.26327198217306336,-0.6062489041547159,-0.5478371876026622
2026-01-29,0.21311218234991713,0.4400109612861858,-1.4637177322689099,-0.29103918233069903,-1.780816998547874,0.0332269597385082,-0.6470916101585011,-0.5782895755750306,0.6951321511027952,-0.31897989394273907,-0.3505021702906119
2026-01-30,0.4986485485844572,0.3992031407895169,-0.6116151200866726,-0.010050048766097053,0.9532475683424968,0.35130119070228005,-0.3804910776099679,-0.24294757717792104,-0.18984490107005758,-1.4197176728493521,-0.703182009724157
2026-02-02,0.5398727506527701,-0.4345241278312262,1.2272857368374357,2.5649517288542034,0.7249410550812074,0.7517860033030344,0.39604044167136365,0.8487751098860352,-0.6903904240831871,1.1268140934338255,-2.1419978722060806
2026-02-03,1.0167237537191287,-0.41458673830711,-3.6935404825973794,1.891335146470352,2.9661797626127084,-0.998932642560546,-0.4002888357464318,0.14278396012263883,-0.9889260531517396,-2.596169781778279,-0.05400669588490059
2026-02-04,1.3458110259633616,-0.3688777920915265,-1.3084190983390864,-0.27844252958293403,0.8891208392063366,0.9297495499306807,0.24707926907328037,-0.5278863799942135,-0.09852370023122337,-2.004821292236003,-4.57677364375807
2026-02-05,-2.486328873469068,-1.231204553545051,-1.8110755774703113,-0.699050888209074,-0.23555056783073347,-0.8741573833068172,-1.2805833227994223,-0.6960454509200131,0.25475245060075924,0.46719081612409674,0.09496071549341956
2026-02-06,-1.1267836105623208,-0.22729300775874428,1.4816686533601908,1.717963887027807,-0.26433693875164144,1.2181103267278282,1.7601710466110143,1.526715474597351,3.0683501464127794,1.3181181469226644,1.8321378623312734
2026-02-09,1.8104149242672118,0.6902333818447293,-0.27145156998246156,-0.7582611771485337,0.18423752402523252,0.17783672307478682,-0.13629892715271152,0.31399672497118836,1.2020109328055195,1.5952603972043233,2.0853565259362217
2026-02-10,1.2095922435849449,0.8077376933924629,0.7412829250814212,-2.0498456864325054,0.0885311756129381,-0.4689651233383274,-1.1401941752301026,0.20505590617119207,0.45406317462335366,-1.086432326696929,-0.44019501025311936
2026-02-11,1.7679786979829748,1.5825320598068071,-0.18855782291754553,0.9098047262747544,0.14678005228825342,-2.2555317028988053,0.9189940009264097,-1.4084191694744175,0.7868706420853799,-0.9549433858510814,0.2478310449856691
2026-02-12,0.05324235303250102,-2.1564118472068405,-2.87626881529639,2.025985738147673,-1.5194170161338283,-2.8240184765195187,-1.3253445485238657,-2.2589305168341234,-0.0002952478308171358,-2.5412386523055663,0.3988259508698633
2026-02-13,1.562914001024418,0.976101347127134,0.2982031346904668,1.4297793214762322,1.6371820939863113,0.7306097852106896,1.3495223941841772,0.4700323994672795,-0.40779477132916186,-0.6843212848944957,3.549065427007636
2026-02-16,1.5629139862288532,0.9778165178855547,0.2989076592532003,1.4297844474605137,1.6381198876505465,0.7306409059420593,1.3496172662503358,0.47157148387173553,-0.4082081159940354,-0.6856561190826893,3.547000799021771
2026-02-17,0.44727519321379194,-0.01676149060648724,0.3276620863367663,-1.659513748572461,-0.5574347791527212,-0.5031634746563096,0.5798460100051583,0.45883788264400316,-0.04365252751389326,0.9390110460953505,2.4160470327319716
2026-02-18,0.3580192112689673,-0.2204917987125854,1.6271563885231766,-1.0326224543241835,1.4769928544558386,1.1298438956958368,0.6291690920263715,0.3854215705936026,-2.054255477227751,0.8916376034354911,-2.771713608290116
2026-02-19,0.8356903454796782,-0.8190895833040779,-0.09415888128484484,-0.9167971187539647,-0.4052478406400106,0.04292201945570451,0.03295092344655082,0.7449212067937028,-0.5175911917172926,0.35286686115238997,0.07813415567781146
2026-02-20,1.7497570412108976,0.8898418404978958,1.4137953781527157,0.2953168496140135,1.9955162829075945,0.3068563699595517,0.7448163357054449,0.6844259769663186,1.1148766250014708,1.8455422944555044,0.6555954866628966
2026-02-23,0.7553466343607873,-0.30135184477902976,-2.8188196259843923,0.8467645583235539,-0.6242814010965603,-1.5983126957721971,0.34546668085888577,-0.9492774175659968,1.6474475940287725,-1.0314598720317814,0.16028963043710487
2026-02-24,1.1859073606017567,0.16745696242403135,2.534960416569687,1.0838217555439789,0.029130337276406237,1.3964329979106127,0.6400855543971629,1.8789598077464609,0.6408413233462307,0.6184890038631208,3.1302881172385444
2026-02-25,0.12380922690646834,1.1186353631985564,1.040135753757787,-0.32218495567215566,-0.48566506589142744,0.06624647601809475,0.39692532739417086,-0.18602317988976047,1.017957875522102,1.0848437466585814,2.5432195423285453
2026-02-26,-1.222753392682685,-0.7115916741901576,-0.4335175408729963,-1.1338698387440949,-0.0037532681215979302,0.820157640136765,-0.8177720952021073,1.2288358077248374,-1.2901551888461205,-1.426878859458447,-0.23184097467295883
2026-02-27,1.8405547621226814,1.2341803803967706,0.7515952530038117,1.8803645861178442,1.0068388706969467,-1.5807292722812338,1.5068003256171192,0.8408594470053821,2.44346132916311,0.4936761345076146,1.6430827387487357
2026-03-02,0.5931265765494853,-0.6445985953278396,2.7912771438717288,-0.9494118725362544,-0.6439071511728733,2.859417136861353,0.260664297365909,1.6459408680868926,0.6134232814315244,1.9586848072040475,0.6566536626088304
2026-03-03,0.22832982585985206,-0.45438571436168557,0.9676240103976719,0.4731134812788307,-1.072813930315486,1.5540257717653105,0.05178752582564172,0.712195397526405,2.655686361826959,0.9288513672892185,2.310966725427299
2026-03-04,-0.6148159450732993,0.6267437602884846,2.275175521012307,0.15974107777845248,-0.11812624228988433,0.7130370716227352,0.7651312201634397,0.34499604111228876,-0.11661488216535565,0.8832233695051483,0.20737084390261007
2026-03-05,-1.1641303386562774,-0.7065775552337142,1.4332435540261645,-1.3829380662382484,0.25596785572754577,-0.2915023755253987,-1.425695867034238,-0.8256638380770953,-0.05513181380254473,0.46105536191138885,2.4490576054106095
2026-03-06,-0.5244082569520803,-1.0473721976801105,0.10122832139027871,2.5106224925088405,-0.6060618942979046,0.3836220247449562,0.4551130694829375,1.022908731735117,-0.6635005458692889,-0.4685911888321459,-1.2674018140498622
2026-03-09,0.6011784756501548,1.2825281809586224,1.0681093588848611,0.6022032422627666,0.6021999253889243,1.377397293328264,2.363588025673602,0.8457551415044229,1.6498971209618185,3.531138679049506,2.3621932163250037
2026-03-10,-0.5164308937921414,0.2238912328400722,-0.6051842762861082,-0.08682282678889042,-0.8419790062186294,-0.7034036403881339,-0.2127413679107515,-0.9224708534764758,0.8969063700836388,0.12146566077972931,-1.1162801844968318
2026-03-11,0.8333764979806313,0.08742354527292279,-0.36482467725037493,-0.5763159867364531,1.8663171387693689,-1.039341947928174,0.07376889245047646,0.18284855447308068,1.3151580569760846,-0.000427899564992007,-3.3128167981624546
2026-03-12,1.5815211997313172,-1.7885544374956048,-1.485071712754149,1.5135536141892336,-1.4447479574513755,0.04838602726553454,-1.8616910955616794,-2.3018388609842955,0.7424876795109281,-1.1843052321741099,1.1855771010822025
2026-03-13,-1.0703360264134765,-1.0373791663760845,-1.0349231038277118,0.30723071779474864,1.0532581341705427,-2.023391526702889,-1.2426068260448342,-0.9094067279742379,-0.7951709489302128,-1.485921005027313,-0.11593016014677104
2026-03-16,0.4052174541218978,1.1924099265293002,0.7521817100863082,-1.0112095287632683,0.29261671550677715,0.09897924622588317,0.3836050176716066,-0.23696401586579263,0.7346786337854905,0.01714629670332979,-0.33437064380650305
2026-03-17,-0.7050669740328863,0.7811408159314861,0.8794900367286917,-1.0557090865429553,1.1168611793756833,0.20215207951184144,-0.6818074217292414,1.6252168571438075,-0.8241530751851633,0.33007923403456374,-0.2344339136238882
2026-03-18,-0.6932643699235297,-1.208123629109123,-1.3609686872086968,-1.261707951532809,0.3445119092479354,-1.0096685107086056,-1.2395666288205986,-0.8002919406817188,-0.5545201855643223,-1.0096929853629644,1.2147272497694317
2026-03-19,0.27668093264869853,-0.6417322262031776,-0.787889496891947,-0.8860785426391904,1.0994244442361412,0.8136393041302536,0.19826471182962102,0.8872111448992248,0.8871492599012987,1.8560345411778867,0.22189848608447083
2026-03-20,-1.2454211563743045,-1.695740103554053,-1.0157117288530082,-0.8519751747705029,-0.07797001710938556,-0.48372888877400433,-1.0593225301838816,-1.899905666453472,-1.4455102477602955,-2.02693022188285,-7.36345211813404
2026-03-23,-1.9226494805156036,0.7743236390177488,0.5103005579875308,-1.5115695830304254,1.2877112675903968,0.11118220140535762,-1.3252688093876697,0.15997706157033775,0.21597401867963217,-0.41657858929239344,0.06275443501639888
2026-03-24,1.4225440995830452,-2.7474597769047393,-0.24544584426939853,1.0237979052951873,1.6751504964835906,-0.4732766098634489,0.40818656830603484,0.13973219103702306,-0.07342693443713744,0.562687243359905,2.135647747464131
2026-03-25,1.7138240112363645,0.35691735476197856,-0.6715109305342359,-0.1560577925877049,0.6143325813648515,-1.0230441023066805,0.5630600090324123,-0.19316735978294197,-0.4431554713606456,-0.5444654034948093,0.07425070106104048
2026-03-26,0.7609482855813532,-3.966607302328598,-1.170234462969888,-0.006709221616152394,0.25395314226348553,0.6958936750807165,0.489874990032213,-0.7459383951129661,0.2536529586408154,-1.8803837006487134,-1.080991668345621
2026-03-27,-1.0552339220926799,-2.3669282379261385,-2.708459695424148,0.1560945911025513,0.5277337951781869,-1.6444122520575366,-2.44141474044558,-0.6679998447086888,0.3300018727710796,-1.3485499404572776,1.2327970606751837
2026-03-30,0.643006730224327,0.3092856877147643,-0.425722630633818,0.7190310943630873,-3.1022798586001876,0.24775016342495348,-0.09438042978930916,-1.7787311677616158,-0.7806116166708787,-2.809723972239875,-1.3075275785435325
2026-03-31,0.36251643096061326,4.36841049635531,2.315339530761662,-0.02199684382276912,0.2304129013813272,0.6221540792326508,1.7811660735235435,1.8970649099044667,0.6158408924868519,3.043187194746677,1.092078802641061
2026-04-01,0.34223976910705556,0.9436240553610364,-0.07957932321226435,0.30067433869260807,-0.15850792417980708,0.04179488063449366,-0.07849401120646471,0.7183783397995969,1.0102056922052016,0.5670600353048005,-0.12059295048357788
2026-04-02,1.0611471633497516,1.634862223575495,0.8535045476210312,0.8445266153826569,-1.4716047198733317,1.90380941574686,-0.014569198730651767,1.633713016159466,1.3707606432591835,2.5013419085911703,1.4424878299772237
2026-04-03,1.0611471908274162,1.6348622241935784,0.853502567791331,0.8445266153138897,-1.4716047198079063,1.9037659128658957,-0.014569144181197924,1.6337132047565595,1.3707920405287233,2.5013413191848466,1.4424878175180567
2026-04-06,-0.749266463031184,0.33451482068231897,-0.12771571961558426,0.4553472049422025,0.3516482239302787,0.9963849921544865,-0.06509230942592925,0.5948082829364099,1.603809601235473,0.22933416682571206,0.1494821301223137
2026-04-07,-0.8821245350250972,0.7697160141616699,0.49594480198162927,-1.204088788468749,-0.0812441752642945,0.4484085626747847,0.28239161807650515,-0.8110824972397124,0.2522603459280681,0.8898681868432012,0.21684184564050302
2026-04-08,2.2758500901164602,-0.13052105396724745,-2.710584905642499,2.8037487550939932,3.587584458137494,-0.23536953390438375,0.2605370589023437,-0.028260525415635396,0.1789712567903834,-0.8796150570756889,0.3984167424903484
2026-04-09,0.7363945366418267,0.5577026244987682,1.8760199420103651,0.7805762534758287,-0.8093528197183675,0.3356034202619096,0.6443051735228522,0.2551506891564914,1.0732976279129058,0.9779834728174785,-0.45469373191776574
2026-04-10,-0.5101518234769231,-0.8091452524113696,0.4477429551536405,-2.208441994151289,1.0866202917262813,-0.9316168827754878,-1.810943389872588,-0.6535019756154448,0.00638172774347634,0.3519098689277689,1.0564371660158
2026-04-13,1.2009801240753015,1.0639102448962046,1.3489287698519759,-1.4932845142494378,-1.0892229911328988,2.367716241985418,1.1114850005217614,2.038536044377026,2.4499877071102905,2.1449458630889096,1.2797316137520554
2026-04-14,-0.1355975941764065,2.661635724538658,2.0028108943892953,0.3655543788212645,-0.8792029130894496,0.4096413103928942,1.4777804564946706,0.388116246286474,-0.058584055500443544,0.7382318039781177,0.8700109043048299
2026-04-15,0.12581709253218776,1.0490959274804146,2.3585859269777076,1.0269183825048822,-1.49089707078508,0.6308524716510222,-0.5960718387746811,-0.402368047323709,-0.4719932838194829,1.5655558662933666,-0.7956288811028611
2026-04-16,0.37791331964847075,-0.29497028169154227,-0.5975973275025304,0.3603711876554616,0.36924782304434967,-0.335731271269224,-0.9718833319799836,-0.3477177981297541,1.69772112696005,-0.009900420530040144,0.9973942736419827
2026-04-17,-0.5018472864348422,1.2524814565068043,-0.12096118182188809,1.4057651595702936,0.769645175399658,0.6507398190221059,0.26289891201645155,0.49055520341232395,1.1394135134237038,0.3585402587083175,-1.2389953101372253
2026-04-20,0.9130159452193309,-1.168379310189216,-0.8569886798464599,-0.4523965399964802,0.4044708030384703,1.195254359129705,-0.6702711688059249,1.639719696142783,0.8693312256670138,0.20444227201115162,-2.0413664628924466
2026-04-21,-0.1602508547125847,-1.0402473595047534,-1.633558380029243,0.878675969714382,0.7310164050273515,-1.1377459201580287,-1.3932554591446045,0.03495458863018719,-0.9983631204844023,-0.4610097236625088,-2.92333570372717
2026-04-22,-0.3097626121695396,0.33506825759812564,0.22212093160194346,-0.14180299929471563,1.2927894395693862,0.11992897760555454,0.47393747974755485,-3.523456942362846,0.3027157237776912,1.3274663474473813,0.42582787308012016
2026-04-23,1.4133326328326756,-0.6346422628464077,-0.48381425031982506,0.7347159238565437,0.7242716356529177,-1.0010389600662917,-0.7355384858081293,-0.5814007629847295,1.4343125680078783,-0.6549592622980827,1.3515556999593281
2026-04-24,0.5642898493485982,1.7057670413779702,1.103579405314603,-0.288921079771598,0.31808385996006106,-0.5766596928302836,-0.26659699788345037,-0.823458336884042,-0.5161246315040113,1.2801459069706311,4.024821960873215
2026-04-27,0.0015536969696361425,1.1027805872255714,0.13710925902801208,-1.1508926687305965,-0.1987380902262692,0.5052838567541018,-0.4083345772877611,0.048356916082337165,-1.1969342096530888,0.30790242851421734,-0.48794869509337646
2026-04-28,-0.4541862986227829,0.015283186955428185,-0.0954380286608214,-1.4925587703213838,0.4328346718972716,-0.10893273203453901,-1.392775193693252,-0.5532507489944827,-1.4788378576621963,0.38319183276758206,-1.6417784907747257
2026-04-29,-0.8132456798068177,0.41279700674448083,0.778978154565424,0.9062544145044926,1.8219258631259498,-0.2853170483125167,-0.6215846297034422,-1.0095424612299952,1.1760577191831878,-0.022184395391766643,-2.1065699508506786
2026-04-30,0.05030041273037522,1.3822569432028864,-0.3095162366705817,1.8394669760352977,1.0104153624999987,1.2358904150926664,1.1818935280560883,2.190707342318543,2.8658212662874494,0.019886508212119125,3.059102381614709
2026-05-01,0.7619678131841612,0.3062097906999295,1.4721379830131998,-0.3849262129054454,-0.4524153604556984,-0.6603083044444458,-0.34477141340318873,-0.9252145567583581,-0.15196922845384098,1.044711501639295,-0.9156076916663758
2026-05-04,-1.8659935016077434,-0.24712731169949098,0.4158586351190596,0.3346782392741776,1.2159140005792044,0.30786857547311364,0.8423787785801995,-1.0017654596677916,-0.24162775658057578,-0.265445617473703,2.140757003925442
2026-05-05,1.0752215104783414,-0.17000800271692595,-0.8222686020543657,0.5667179972272063,-1.1717343173713872,0.4016556150429951,-0.5791630342116827,0.7031523749856605,-0.4551220550598867,1.1186345449444302,-0.9773041822054185
2026-05-06,0.851831474290532,1.2696825115314114,1.4199252640346494,-1.1992136550504573,-3.6047781761855053,0.049185794017847506,1.086782704146838,1.5686779554306085,0.15631924320864687,1.4767502892505613,0.0840927227964805
2026-05-07,-1.82263641200906,-0.21246313035609976,-0.22957893954572706,1.1331190557131832,-2.641279977508298,-1.4527129068327205,-1.2192077483204278,-1.4695310338330936,-1.7069222340653667,-0.8015493093375903,-2.7250684189338736
2026-05-08,-0.11291643134603291,0.282079936678703,0.851813160471715,-0.28650023255660795,-0.3229494981669116,-0.3207160142607579,-0.13467059571607987,-0.6571603567944173,0.024379507103433617,2.5731853433774488,-2.6507126357017574
2026-05-11,1.9204965238302396,-1.1772715303808745,1.4932181867882033,-1.0397928235112541,2.025251833821393,0.04777931720647555,-1.3611880064605675,0.8489149997360945,0.9693765009828104,1.0410085169103356,-2.5661402435100955
2026-05-12,0.10472267427756865,0.5105234160828198,-0.7402069967898717,1.6007678150267601,0.9324432711667799,-0.24787198182729675,1.1242175977647095,-0.4240040719815652,-0.16594432375512946,-0.4550745469835138,-0.9431674592833894
2026-05-13,1.557283641117846,3.7935653363077027,1.853817058319529,1.3418052169197558,0.4905117913612709,0.6206983191700433,0.5766940863977776,-0.7997694869410821,0.08198753742680864,0.35442286929898703,-2.912316405780835
2026-05-14,-0.6139659247595408,0.7219245137255026,-0.4010128068652752,0.5364231312202206,0.43221562028933336,0.9292774143367488,-0.2917512127775135,1.1050605168122951,-0.05853214141814389,1.2197304832903821,0.377208958958386
2026-05-15,-1.9111254044589354,0.041271789665286995,-1.0553908824549318,-0.30207695636794707,1.3416880542051042,-1.0292902041645124,-2.2072139038214034,-0.28131861419011805,-1.4522588217119825,0.1205436807077298,-1.864640228766301
2026-05-18,0.6736003808868629,0.3499382511346072,-0.468768424797783,2.0961884219829807,1.248502088432279,1.0779873598571132,0.5565580330621156,-0.32394715837958943,0.28434871438700604,-2.1508521159470995,-0.797899976287697
2026-05-19,-0.45636668041521,-1.8233008497752223,-0.2624236694010351,1.3488557685408686,0.025064002723244817,-0.8517855604374125,0.7621312033645244,-0.5518829174097628,-0.8402210056867809,0.564892359868141,0.6078807218909299
2026-05-20,1.3062378967648725,0.41108596999039904,2.1663516113970216,-1.2542428074947432,-0.21243886818203347,0.2044502750317756,0.9787176108865703,1.2916219405861629,1.645252251016882,1.5326972483437062,1.7561863002989009
2026-05-21,1.0374791593592336,0.7583787810821141,0.7004559573009939,-1.307195482540624,-0.5770373447119523,0.6406622804144391,0.8284679776622506,0.6525451798128357,1.2489161124444426,1.4215425055693398,1.6413630396158618
2026-05-22,0.26439691744071236,-0.5993682488140362,-0.10819662999913549,-0.6374400179621986,0.4171737535086328,-0.37621335082820284,-0.18423672895535592,0.5326774135407497,0.10492326487328008,-0.06365086459847458,1.8203750836007337
2026-05-25,0.26439297439968534,-0.5993707600877474,-0.10819763974372343,-0.6374098416028429,1.4283210059921059,-0.37621921116093304,-0.1841529056921698,0.534672782136103,0.10493062060670244,-0.06388286039100688,1.8203750848999611
2026-05-26,-0.20158131892591413,0.8169441293099267,-0.09345347087631461,-2.0230437824930614,-1.0407373194947371,-0.38907487561635756,-0.6689092930499796,0.3029634268046477,-0.7476545143212054,1.3410339658696868,0.4535491681127546
2026-05-27,-0.6308228513329794,1.7661382036758821,0.9077494908553252,0.13013370268115665,-2.5117396710354853,-0.709115165143559,-0.6614676694997823,1.4023719593032886,0.08374603762972832,-1.3475485192508518,-2.463065132507669
2026-05-28,-0.7185639659601617,0.058285679174252536,0.6475127533638325,-1.218090628571189,0.4711858524407896,1.1037175710115088,1.282062387713756,0.44253067653828426,0.3919711245454982,1.0449310878998253,-0.18185713085221433
2026-05-29,-0.38262015874080957,-0.8303841571437931,-0.5026193809468005,-2.514114370810183,-0.9632713790776707,0.509216171696214,-0.2436906136117134,-2.643777173068015,-0.13468853516359625,0.7358903113400261,0.17640204793456515
2026-06-01,0.27010830759948146,-1.527878341489275,-1.668128784039724,-0.4819630274490283,0.9514294950801125,-0.524969380792073,-0.8084974791844557,-3.906474494625002,-0.7386445707691203,1.5991541352795124,-2.154534179124057
2026-06-02,0.7286703925672988,-1.1771728415363225,0.1500584133084626,0.7527665321334531,1.8291059662962856,0.11890914353025472,-1.1513064142169238,0.8103381285154002,0.9748168626903198,0.9495035913408723,2.096111018868374
2026-06-03,1.8853426934390516,0.5776390411336818,-0.27365769759926106,1.2376742246389183,0.6139082472705415,-1.155584427221401,2.1956892794997573,-4.305544451017649,-0.46264514929788003,-0.5556138065347382,-1.4518581690817767
2026-06-04,-0.19425690347428803,2.395360744975372,-0.30022044885862353,-1.4286887851424845,0.15159951367854776,1.6465851088127925,0.7552947375961017,0.07986330226581646,0.8463087867136565,1.2619031279939685,-0.4513336760166409
2026-06-05,-1.1158669700996326,-1.4069771813998155,-4.131077829906138,-0.2072728469260099,-5.115750473287645,-0.17772464986192116,0.1923818556478052,-6.056302924709643,-0.046570102626308785,-4.508355275457953,-1.0553637608202049
2026-06-08,-0.9929099582935863,-0.6324102851721802,0.9619408992361134,1.224282336988991,2.16525041971547,-0.13033871709537959,-1.1338776150203955,0.5569553412485423,-1.2034501211323767,-0.07483126917859906,-1.8226364244589788
2026-06-09,1.4528742348801416,-0.8885902220974518,-1.696234679331865,-0.537410667637539,-2.279860940583418,0.32122718680078766,0.155626961957811,4.5964238402191935,-0.13509403488760618,-2.660961852232979,-0.32793393128048853
2026-06-10,-1.9945414537981598,-1.6537084958012094,-1.929002689289483,0.6218661344805199,0.1437600716452244,0.38497314968672924,-2.15365839903372,2.3495762986321775,-1.8583147376684983,-0.8086712167900023,-1.8627746567489
2026-06-11,0.6734220613177966,0.5584178931557604,2.019372593675084,-0.8159395218875098,-0.5551559126596735,0.41585939744797074,1.7356110969518168,11.938870103027734,0.10917988863776706,4.567503512312721,0.51608676331929
2026-06-12,0.8552236124002244,-0.8429748170685425,-0.3492551100256813,0.5814553361580765,0.4499754056040755,0.36941470374340923,-0.372036734000869,-7.036282940042227,0.5735023110349013,0.9442773153179873,1.385719587846368
2026-06-15,-0.057598187418006486,1.0898478026861946,0.1465450508315369,0.6755598129353668,-1.895978979680097,-1.3576141012094478,0.10885619413081304,8.234498749832705,0.510120188042773,0.9434534440121656,1.032985051952795
2026-06-16,-0.3928694517889797,0.9369490144768733,-0.16595410782992426,0.3778823636292783,-1.2768690370527267,-0.5391020662235402,-0.4870152329928823,3.972125390204463,1.053979041148545,-3.0376637967294506,1.5401708285804672
2026-06-17,0.2287285811526596,-2.246589512521624,-2.0719639223939157,-1.4761185162041501,-1.6244918156781942,0.20791837994107443,-0.4750790296541574,-2.9363471915644612,-0.6277065565086115,-1.7002039685866555,-0.276453455029968
2026-06-18,-1.089250106741213,0.6149553512479589,0.8816933745727118,-0.9613256490692779,-1.1470429076631663,-1.1383093517908005,-0.9410943616164791,0.7783685303930524,-1.0034922384135503,0.9372578700112433,1.2659668982752725
2026-06-19,-1.0892025207701939,0.6144763236758832,0.8816920087287405,-0.9613256490372812,-0.7920298449940799,-1.1383093582889692,-0.9410945416945316,-1.4422342278066491,-1.0034738799822862,0.9372578206006565,1.2638247029731042
2026-06-22,1.5151036862514733,-1.9213410390132357,-0.5933364185828238,0.20138066838784052,1.4920392091618029,-0.1957525221101597,0.6995127507905874,-13.322536196383583,1.2344806052369206,-0.7308647876868579,0.4865024300546361
2026-06-23,-1.8573377104404543,1.045477982202092,-0.7463975494376496,-0.590477144684054,-0.6258900771421123,0.45108976455363603,-0.4187735936840964,-2.256086847268235,0.8921273172623367,-0.3140309533084862,0.8563294724517556
2026-06-24,0.18528670679511805,-0.9892809171283545,0.21402502980281124,-0.20647110420334291,-2.6751917007159287,-1.0446067942563753,0.555423271378519,-0.49840063850094196,-1.6323497071922932,-1.0613285223597613,-0.9060680198019311
2026-06-25,1.4941564441835586,0.46509455193806115,-1.3377465046355952,-0.8436949035431796,0.4093875385684472,-1.3368424175303262,0.7064999998791288,-0.31509641846734543,-0.7640671758893047,-1.7270466512096405,-0.14621242114674082
2026-06-26,-0.17041587686073,-0.4281581969406756,2.363642790056786,-0.18630088884369345,-0.73256592383255,0.5340329549387679,1.1320130339475654,-0.048545974393764346,0.8724247352771108,0.043882460072031115,-0.126840840287068
2026-06-29,-1.6612093990475807,1.2675217725789167,3.8713167360704626,-1.196598626437717,-0.02568982859214015,-0.34055385120392856,0.27169750925666314,4.930636293052057,-0.9769927440780424,1.5425020949094037,-1.4760752921834763
2026-06-30,1.017482215498977,0.7747642138032695,1.7353262749260523,-0.7595722831334362,-0.4051508613720175,0.14469842281279455,-0.49288326237364455,2.014488412030011,-2.075151839529188,2.7963717384698716,-2.202570715446539
2026-07-01,1.189645388298044,0.8103575832489218,0.8561382304929532,-1.1745010541391543,-1.6379674800801602,2.7566565950932986,-0.40615580729589373,-2.966765677101224,-1.0686714387877716,-1.4635775389779337,-2.788765375996416
2026-07-02,1.7520858229654657,-1.3331748926712739,-2.9036349787311844,2.3408284348618524,-1.4881538193932786,-0.6247725028115214,2.6158357147165523,0.15892552230341028,-2.0672745524799807,-2.944244516595018,0.9712372484947052
2026-07-03,1.7520743157838803,-1.331984889957194,-2.9035226361400657,2.3408285668841122,-1.4881538194123078,-0.6246515321202906,2.615860676779125,0.15445368330304632,-2.2492188816787273,-2.9453215126085674,0.9712372484946608
2026-07-06,-0.4639158496125728,0.13179209101821243,2.38967913761321,-0.1779044568923971,0.7293618082752529,1.257018744666638,-0.40017140403232343,-1.3289044784776327,-1.2354347839944047,-0.07903320387611101,0.5968102214431559
2026-07-07,-1.5121028323070163,0.1369950121582475,-1.6636442347405356,-1.8837565195282346,0.3456839104320153,-0.6523004928388421,-0.5586929326711676,-3.410627535551014,2.5959220089921686,0.07296250773001223,-0.8395823846918726
2026-07-08,-1.4285338318716367,-1.184970211079095,-0.5920039720363923,-0.48863741596159027,0.877660641569733,-1.113376976057967,-1.0591970955752816,-1.6545949685297545,-0.062073406522511476,2.700915882701449,0.7361369550084484
2026-07-09,-0.26853226321045254,3.7747337017262517,2.726196634380851,-1.426814425965539,-1.120556073510215,1.4145702643759916,-0.35353435184493076,0.5849114522852972,0.5033059844116838,-0.040229754580478616,0.2588288463041044
2026-07-10,0.8365747913346322,0.5013507510029491,-0.726262500890007,0.6743147207006306,-0.06420896443187774,-0.9256744840898667,-1.669649216999869,-1.6143674605809788,1.5512509623254012,1.4978556994147185,0.7174218819912648
2026-07-13,-1.127974850834268,-0.8873311828003771,-0.46350538201278546,0.7054514493600728,0.3908470467021141,0.03163638288019577,-0.07200517459575728,-1.7862094419570318,-1.0581662804054592,-1.2198126094862483,1.6112879096341404
2026-07-14,-0.43964212441890416,1.8613287497139197,0.17646139746572143,-0.33854110791831094,-0.9928938756074035,-0.2631478214547456,-1.1496177951569764,-1.3292628994846178,-1.4415170550694745,-0.4889936061937994,-1.370450913656418
2026-07-15,-0.7966395697566853,3.0738389182286774,0.2692293865092399,-0.20043672014963265,-0.790559301833782,0.10855600405790256,1.2578369722751948,-1.0503632154092335,0.030669690602436184,-1.4302815322933649,-0.627762615141958
2026-07-16,1.2921650552325081,-3.6480930664583022,-0.9165996113105535,2.0241894860433485,-0.10200731653581263,0.9236259137560543,1.2573442238711374,-0.6797580459807273,-0.6797576022004703,-0.842347959094969,-1.5241070685746871
2026-07-17,-1.3644032082906876,0.03509907881888985,-0.09658972127387644,-1.7112520820264931,0.48091573027480017,-0.5084476824099071,-0.2150089947494105,-0.8535362292868443,1.305116928317962,1.049774640560286,0.3385186280293606
2026-07-20,-0.4547551237602532,0.0985150816350755,-1.2263606265772276,-0.5898349243377177,0.4993058714449772,-0.4857263067141404,-1.0693135084218208,-1.8495358038844611,-0.9514361223554868,-1.102163646453591,-1.4690503453157033
2026-07-21,-1.168897305115535,-1.196453431718425,0.3674410355448243,-0.2662096834822436,1.4724722260846201,0.258802588996665,1.0237620652578938,0.6947630933912263,1.1440404920523228,1.1180115950092828,1.2001619759886228
2026-07-22,0.4820715079927318,-2.3186036532054644,-0.8653011517684606,-0.3102705482238233,0.25435287143298346,-0.12377247606526476,-1.7333074094308842,-1.8671693701546754,0.005669719473710977,1.5014867938887955,2.9077908214603765
2026-07-23,0.378383511698388,-0.8034680904859148,-2.2972863470646976,0.7851017854083819,-1.1767885540208467,0.9871622646926648,1.4210104197292184,1.1517639984516048,0.8189873242777423,0.22858058499224398,1.4476694158891856
2026-07-24,1.2824403603415746,-0.3414403563221424,-1.0356657639674527,1.0188317395770863,-0.37356675400118666,-0.5783617390031304,-0.1737929284077011,-0.7831483101007342,2.2549117893976955,-1.4598326715431376,-0.8906660356774565
2026-07-27,-1.0727480497341846,-0.6097217976501423,-1.012827652278836,1.4839293004505372,-0.6627421619850749,-0.24497161175208726,-0.09950394772637594,-0.23962476239418606,-2.7970877296577767,-2.6543368942620327,-1.943429301151678
2026-07-28,0.03565893482597726,0.9157269518413447,0.17954882738824285,-0.39111596238001756,-2.9941933706571944,1.8132197601671285,0.7164630699137309,1.846761576009448,-0.5283948028590668,-0.32740618522445475,-1.445111435111579
2026-07-29,-0.6341555933960463,-0.10532332913716358,-0.9390358779365338,0.6183464002127215,-0.2508078450994544,-0.3158217817424869,-0.8670086146657874,-2.055465011997404,-2.7923129548958814,-2.7660276940207673,-1.9063532584405407
2026-07-30,-0.26109173581720935,0.7611422394592671,1.2499966574401,-0.18241139589261213,1.2108485080307485,-0.2132458374983992,1.7111615993614215,-0.9554270720044444,-2.787950001364381,2.296941221708515,0.02697120842385381
2026-07-31,0.6304429349299978,3.4817073787881903,1.4095780971383753,0.50702405246974,1.014730852733381,0.3424594916227264,0.04912315843907944,-0.9380325369597431,-3.3236908020631173,-1.7709098115393562,-0.9752995907758244
2026-08-03,-0.12270518743732195,3.063962936679543,1.625603461202929,-1.3755839359214983,0.5488657313163392,0.9094146592164343,-0.3647183539706389,3.1239366682966008,1.2491717830718674,2.356973737708401,2.063059110725751
2026-08-04,0.5796317987039723,2.1517551142169467,0.6250744009615561,0.752394471683937,1.2632404545494857,1.100385440159446,0.9481399755876918,3.6581950891028336,3.6865839128600086,2.154233635019387,-1.884898806333124
2026-08-05,0.10427762319629164,-4.016338997073343,-1.7013752325575338,-1.2248060542866424,-2.771139902008679,-0.8158967123771288,0.508063719605456,-1.668495623691335,-0.1680176623631846,-0.7480216325135514,-1.8444958737252937
2026-08-06,-1.3898080864595874,-0.28191361772877954,0.0458367782217195,-1.225983955965615,0.11605880358978027,-0.5994402731339443,-0.8678417760288215,0.7491965784600652,-0.7999845033210606,1.4446468181159355,-3.491815788471464
2026-08-07,0.7372820191267504,-0.009696590675223327,1.0402112941079622,0.5872232710703695,0.30343139127844143,0.16640823608145006,0.6551759165480675,6.2018249929020275,-1.3858615426040721,-0.5086266366649328,1.8041267684300477
2026-08-10,0.8624189946479843,0.18906458306360285,1.1643014492086046,0.9974411618697054,3.704908192561862,0.4306295209745459,1.1595211857836185,0.6583234127766069,0.9868040322745797,-1.0375761759809143,-0.740961276457941
2026-08-11,-0.18937867110221385,-1.9127624010329525,-0.4794446862742441,-0.24834125453585543,1.4410841398005747,0.2190091602106481,-0.12125897847463651,-0.9081917048927801,-1.1179842648309624,-0.6470079673364437,1.7704338026409472
2026-08-12,-1.6093007811975646,-1.7984499019697897,-2.1229193926149303,1.6688109991688682,-0.3834016515920857,0.4300364676788293,0.5245874714844945,2.5863266386150663,1.642638063369506,-0.7031642466265309,-1.0188387135645072
2026-08-13,-0.5201841288796305,1.1239940317520292,0.5512136948707669,0.5703366646717667,0.22872328232048655,0.11550555174995036,-1.183197615805598,-0.5361354027589749,0.14126823968980684,1.5955032076913733,-0.34426725361289545
2026-08-14,0.5325422778400091,-0.5396486390362276,-0.3185392717374058,0.058161095775921545,0.7436012009231607,0.2289810707324147,-0.04018565430684573,-0.6305775567280292,2.3142027119406716,-0.238554899606791,0.49798518025976346
2026-08-17,-1.0101620708943715,-1.68807717418209,-1.1712418712583883,-0.14764034810931248,0.9892983911684139,-0.733520525471798,1.5302857624465593,1.8845163929269493,-0.47040408664700273,-0.07655115576358229,-1.2278398562031168
2026-08-18,-0.8344514721382423,-0.48558382782373233,0.08597758658543952,-0.5252196675432419,-0.1288290649763435,-1.1527601203744964,0.5107964489333483,0.5017195968207488,-1.6092609019050519,-0.6287250213501183,-3.090371225808175
2026-08-19,-0.21394656047569738,0.7367371919109855,2.754017386254004,-0.27961477524854894,-0.45159602568656254,-0.5186674218250698,2.4069826243719783,-1.7298807293866125,-0.20758966759109043,-1.4915396082236576,0.8432864667008877
2026-08-20,-0.10098158884553898,-0.45841285878183147,-0.41780852240662636,-0.1773060210341182,-1.4970963965030393,-0.31758300652557914,-1.0146129948090166,-1.548389018437346,0.6509935314298998,0.23627143044129273,-0.3066416733551125
2026-08-21,0.3528163578045751,0.6275150052048373,0.7285239298799207,0.6947365564095254,-0.6546993823305147,1.1573358239259868,1.023676610280555,0.4510079997914307,-2.38520745958698,-0.7673445306739635,-1.9647043964668764
2026-08-24,0.10803122935665321,1.3578282255876761,-0.3504571909283771,1.8156485757836682,-1.2207346096407168,-0.061785867715768994,-0.21843329972462966,-0.9149374176095404,-0.8484984959839514,-0.9718050941036949,0.24055323832519182
2026-08-25,-0.1566609048276546,0.028224898076611993,0.08182536688885467,-0.5795330627001549,-1.029832292556232,0.6447383171607646,0.39370621598908695,-0.18558688760651476,1.6557323270546709,-0.015993229406452425,0.7998083276119283
2026-08-26,0.38130806754754776,-1.6631416791952236,-0.5531057821009044,-0.5856060561204246,0.9521342031039381,0.07067324260521257,0.13547190298721645,0.4957277958600237,1.185445116532624,0.9233725352948419,0.3163517350945888
2026-08-27,0.2788665057769535,-0.20159477355905508,-0.09404972724083027,-1.1644527653527303,0.375992143930004,0.2686347845561654,0.43029436430814805,0.16737221612839193,-0.8372800232565258,0.5853647585019495,0.46820388769843735
2026-08-28,0.17296837188471859,1.453460578158583,0.8782469218209465,0.42516588987551174,-1.4123286236367827,0.009992534471425785,-1.304865799217958,-0.4894123836384434,-3.1167941746989336,-0.6192144246915721,-1.6348147744152053
2026-08-31,-0.02676090363012973,-1.0416425973495125,0.9129017325748112,0.10014185730082836,-0.6015699443079003,-0.04549885255553665,1.2778775015832355,0.6502255095131027,1.1453192986366822,0.4230084097406106,-0.018917676427931962
2026-09-01,-0.17068822328216715,1.143834322967252,-0.03231658786050362,-0.39493834916202175,-0.033836406600540325,-1.121755914974809,0.30151810809462276,-1.1556560170013386,-1.1216464968609174,0.26569078408908986,2.551110510784804
2026-09-02,0.4428259257343248,1.4710131305885277,0.17435050161240806,-0.7136168387777531,1.2740663324206203,0.05806815576936408,0.8636195373934452,-1.0299790006373044,0.019118586173072494,0.38675965725298855,2.2590076718938423
2026-09-03,-1.2108443201204522,0.6905407046810641,1.0881199795276464,0.076156524470683,0.11384956000819457,1.660409381164274,-0.6169063997946922,3.2900811395457863,1.8382108675622844,1.003794237940503,-1.1857121153468708
2026-09-04,-0.18833639150800385,-0.554264448724151,-0.8675325183639226,-0.9486123594535267,-0.7527467238790497,0.9316657717812316,0.014109944499440807,-0.0008692098934948156,0.054490877983681685,0.7327405931170983,3.3683684491784938
2026-09-07,-0.1883368790041251,-0.5542644487242732,-0.867532518363956,-0.948612362201573,-0.7529454984127715,0.9281516022684455,0.01412520208379231,-0.0008690133180166981,0.0544840496026433,0.7327406694851879,3.3686918849574754
2026-09-08,-0.7478865642040144,0.3806375054502098,0.5366470005953694,-0.3696007670875856,0.029417695528111132,-1.659789727168981,-0.8536294013699486,1.1238172324790074,1.654366879557334,-0.609213823329191,-0.5241796695038436
2026-09-09,-0.43626916021680673,0.2021118759423901,-0.34763509564261774,-0.41397283713163757,-1.1813930556072716,-1.040831483482807,0.15481154926493268,-2.0104713607789204,-0.21098811897692915,0.4659656233521936,-0.8017532917517611
2026-09-10,-0.7806012677694874,0.13067573510521235,0.8239121023246865,-0.4263554042199025,-0.8141295109206803,0.19107855655409178,-0.30068605967913387,0.8168286973875061,-2.0875143641227334,0.18497616863557553,-1.2803951321345264
2026-09-11,0.48232986039391523,0.12587479363099785,0.39088474425355013,-0.012075373871811568,0.005953073249731489,-0.2781747409178803,-1.00663180114684,0.5282151573573479,1.1514354373193925,-0.5312440398142382,-1.4895199011604743
2026-09-14,-0.7222375989935692,1.580193740514324,-0.009310013252494809,0.5404720836211574,-1.0072555838946395,0.7331774166617011,0.016759744582262037,0.8817699540460522,-2.5782932309270756,0.5705419515108723,-3.1409068083152913
2026-09-15,0.1886256706309819,0.3889647720398459,-1.3463228736672161,-1.3521402908670321,0.4292197687842947,-0.9877945268973454,-0.5397886818675479,-2.117200328587987,0.7769267188120432,-0.7086230607310839,-1.795374882556111
2026-09-16,-0.3813434336750743,-1.1104941915930477,-0.3031238405460046,-0.7536245847689749,-2.7769272165650283,-1.770177538442963,0.15728413534883412,2.3755471633141623,-0.04881736625509392,-0.6223872180324941,-0.6805947247409017
2026-09-17,-0.6121501995609568,-0.3134337149548805,-0.311418675028341,-0.36026781152207477,2.1363717628436696,-0.2578283811029203,0.46115770006074364,-0.3083116466930935,-0.08440165381788933,0.5464539939952884,-0.3842833200759621
2026-09-18,0.10489945772398368,-2.3353796033853014,-0.5590850279353465,0.13129580436845867,-1.5927254789648182,1.186692359574959,-0.24297967332989057,-0.8806696862880936,-0.16614731553384887,1.4840088415093433,-1.5102673398413646
2026-09-21,-0.7550323853952268,4.751433969247776,0.7634826862775501,0.7854636501532619,0.36371406680308915,-0.19032318260647774,0.6204206457431694,-0.6135058949134797,1.688592684165524,1.3133786916509793,1.3862353896208823
2026-09-22,1.5715756317503438,-0.6077241065369554,-0.21819389095324437,0.14282662921927258,-0.4749088189160089,-1.6710252209617305,0.6927446294477946,0.84425391262275,0.6046939535539142,1.7963058491861528,-0.19303208235784686
2026-09-23,1.113055168244781,-1.6871494152914224,-0.8009314302439563,0.2153258616378828,-0.803251945117911,-0.4851919977630015,-1.0292618891790895,-1.8455067919324275,-1.7872380088169937,-0.8218452063632808,0.17959133393570248
2026-09-24,-0.2769073727831528,3.0836712694200186,0.4092979929517515,-1.7116080500213626,-1.2712679094867396,0.06696156353989124,1.0925569893214027,-0.027121346582981154,-0.45936802411663535,0.9089135634747336,-0.27524078550075215
2026-09-25,0.6374515089704103,-0.8225272600994593,-0.8665854121234107,3.142599354082476,0.5267729487216322,-0.020886660489660702,0.3006820009002098,-0.11567545611421703,-2.588626856829024,0.5947942931985084,0.487251923571308
